경주일자,경주번호,경주장,출전번호,마명,과거_경주일자,과거_출전번호,종류,과거_등급,과거_거리,함수율,빠르기,과거_순위,과거_기수,과거_중량,과거_S-1F,과거_G-3F,과거_G-1F,과거_기록,과거_마체중,과거_레이팅
2025년07월06일(일),제1경주,부경,1,금아프리시드,2025/05/24-3R,10,주,-,1000,2,-,2,먼로,55.0,0:14.3,0:37.9,0:13.3,1:03.9,505(-10),38
2025년07월06일(일),제1경주,부경,1,금아프리시드,2024/08/02-9R,3,일,국5등급,1300,2,2,1,김동영,53.5,0:14.1,0:37.7,0:13.4,1:19.8,515(9),32
2025년07월06일(일),제1경주,부경,1,금아프리시드,2024/06/15-1R,8,주,-,1000,4,-,1,김동영,53.0,0:14.3,0:37.5,0:13.4,1:03.5,516(10),32
2025년07월06일(일),제1경주,부경,1,금아프리시드,2023/10/15-1R,8,일,국6등급,1300,3,4,1,김동영,53.0,0:13.7,0:39.1,0:14.1,1:21.0,506(17),-
2025년07월06일(일),제1경주,부경,1,금아프리시드,2023/08/27-1R,5,일,국6등급,1200,8,5,7,다실바,53.0,0:13.7,0:39.0,0:14.1,1:15.8,489(-5),-
2025년07월06일(일),제1경주,부경,1,금아프리시드,2023/07/23-1R,8,일,국6등급,1000,6,4,4,모준호,53.0,0:13.8,0:36.8,0:13.3,1:01.9,494(6),-
2025년07월06일(일),제1경주,부경,1,금아프리시드,2023/07/01-3R,2,주,-,1000,17,-,5,유현명,53.0,0:13.9,0:37.5,0:13.3,1:02.7,488(0),-
2025년07월06일(일),제1경주,부경,2,비케이워리어,2025/06/08-2R,6,일,국5등급,1300,2,5,6,서강주,53.5,0:14.4,0:38.8,0:13.8,1:22.1,472(5),34
2025년07월06일(일),제1경주,부경,2,비케이워리어,2025/05/04-2R,1,일,국5등급,1300,14,6,9,서강주,54.0,0:14.4,0:40.7,0:14.7,1:23.8,467(7),35
2025년07월06일(일),제1경주,부경,2,비케이워리어,2025/04/13-3R,5,일,국4등급,1600,17,2,11,전진구,52.0,0:14.5,0:39.8,0:14.0,1:40.8,460(-6),36
2025년07월06일(일),제1경주,부경,2,비케이워리어,2025/03/30-4R,3,일,국4등급,1600,2,6,9,전진구,52.0,0:15.2,0:38.5,0:13.4,1:43.1,466(-12),36
2025년07월06일(일),제1경주,부경,2,비케이워리어,2025/01/10-7R,1,일,국4등급,1400,2,9,11,조창욱,52.0,0:14.4,0:42.8,0:15.2,1:33.4,478(-3),36
2025년07월06일(일),제1경주,부경,2,비케이워리어,2024/12/08-5R,6,일,혼4등급,1600,2,7,6,조창욱,52.0,0:14.6,0:41.1,0:14.4,1:43.9,481(7),37
2025년07월06일(일),제1경주,부경,2,비케이워리어,2024/11/03-5R,2,일,국4등급,1200,16,5,11,정동철,52.0,0:14.1,0:39.4,0:14.2,1:16.8,474(2),38
2025년07월06일(일),제1경주,부경,2,비케이워리어,2024/09/06-6R,7,일,국4등급,1400,2,5,7,우에다,52.0,0:14.4,0:39.4,0:13.7,1:29.6,472(9),39
2025년07월06일(일),제1경주,부경,2,비케이워리어,2024/08/11-9R,9,일,국4등급,1300,4,2,8,먼로,52.0,0:14.3,0:38.4,0:13.9,1:21.0,463(-2),39
2025년07월06일(일),제1경주,부경,2,비케이워리어,2024/07/05-7R,8,일,국4등급,1400,5,6,6,박재이,52.0,0:14.0,0:40.9,0:14.5,1:29.7,465(3),39
2025년07월06일(일),제1경주,부경,3,어메이징월드,2025/05/17-1R,7,주,-,1000,18,-,2,채상현,54.0,0:14.8,0:36.0,0:12.1,1:02.7,506(-7),39
2025년07월06일(일),제1경주,부경,3,어메이징월드,2025/04/27-4R,5,일,혼4등급,1600,3,7,10,이현종,52.5,0:14.6,0:44.4,0:16.7,1:48.0,513(10),40
2025년07월06일(일),제1경주,부경,3,어메이징월드,2025/03/30-3R,9,일,혼4등급,1300,2,6,6,송경윤,53.0,0:14.0,0:38.4,0:13.2,1:21.9,503(-3),41
2025년07월06일(일),제1경주,부경,3,어메이징월드,2025/02/09-4R,8,일,혼4등급,1800,3,9,8,이효식,53.0,0:14.0,0:46.1,0:16.8,2:03.2,506(0),41
2025년07월06일(일),제1경주,부경,3,어메이징월드,2025/01/03-7R,9,일,혼4등급,1400,2,9,3,이효식,53.0,0:13.9,0:39.3,0:13.7,1:28.3,506(8),40
2025년07월06일(일),제1경주,부경,3,어메이징월드,2024/11/29-2R,2,일,혼4등급,1200,12,8,6,다나카,55.0,0:13.8,0:38.8,0:13.6,1:15.6,498(14),40
2025년07월06일(일),제1경주,부경,3,어메이징월드,2024/11/09-2R,8,주,-,1000,4,-,3,다나카,55.0,0:14.1,0:39.0,0:13.8,1:04.5,495(11),40
2025년07월06일(일),제1경주,부경,3,어메이징월드,2024/09/14-2R,1,주,-,1000,5,-,3,다나카,55.0,0:14.2,0:37.5,0:12.6,1:03.3,484(0),-
2025년07월06일(일),제1경주,부경,4,퀸오브드래곤,2025/06/20-6R,1,일,혼4등급,1800,6,3,3,이효식,54.5,0:14.3,0:40.9,0:13.9,1:58.1,471(-5),46
2025년07월06일(일),제1경주,부경,4,퀸오브드래곤,2025/05/16-8R,3,일,혼4등급,1600,10,5,2,진겸,53.0,0:14.0,0:40.2,0:14.0,1:41.2,476(8),44
2025년07월06일(일),제1경주,부경,4,퀸오브드래곤,2025/04/04-5R,10,일,국4등급,1400,2,6,3,서승운,55.5,0:14.0,0:39.4,0:13.7,1:28.6,468(-4),44
2025년07월06일(일),제1경주,부경,4,퀸오브드래곤,2025/03/14-6R,9,일,혼4등급,1600,3,7,5,다나카,53.5,0:14.1,0:40.0,0:13.7,1:43.3,472(-3),44
2025년07월06일(일),제1경주,부경,4,퀸오브드래곤,2025/01/19-4R,4,일,국4등급,1400,2,7,6,다나카,53.5,0:14.0,0:40.2,0:14.0,1:29.1,475(2),45
2025년07월06일(일),제1경주,부경,4,퀸오브드래곤,2024/12/20-6R,2,일,국4등급,1600,2,6,6,서승운,53.5,0:14.3,0:41.0,0:14.6,1:43.2,473(-2),45
2025년07월06일(일),제1경주,부경,4,퀸오브드래곤,2024/11/10-7R,8,일,국4등급,1600,3,7,2,다나카,53.0,0:14.2,0:40.8,0:14.2,1:41.9,475(-1),42
2025년07월06일(일),제1경주,부경,4,퀸오브드래곤,2024/09/29-5R,10,일,국4등급,1600,2,6,2,이효식,52.0,0:14.4,0:38.0,0:13.0,1:42.4,476(15),38
2025년07월06일(일),제1경주,부경,4,퀸오브드래곤,2024/08/25-3R,4,일,국5등급,1400,4,2,2,다나카,54.5,0:13.9,0:37.4,0:13.0,1:25.9,461(-8),34
2025년07월06일(일),제1경주,부경,4,퀸오브드래곤,2024/08/02-9R,2,일,국5등급,1300,2,2,2,다나카,53.0,0:13.7,0:37.9,0:13.5,1:19.8,469(1),31
2025년07월06일(일),제1경주,부경,5,원더드래곤,2025/06/13-7R,7,일,혼4등급,1400,2,6,6,다나카,56.0,0:13.9,0:40.4,0:14.2,1:28.9,483(-2),46
2025년07월06일(일),제1경주,부경,5,원더드래곤,2025/05/31-3R,2,주,-,1000,2,-,1,모준호,56.0,0:13.7,0:36.8,0:13.2,1:01.6,467(-18),46
2025년07월06일(일),제1경주,부경,5,원더드래곤,2024/10/04-6R,2,일,혼4등급,1800,5,5,11,먼로,55.0,0:13.8,0:45.8,0:16.4,2:01.1,485(5),46
2025년07월06일(일),제1경주,부경,5,원더드래곤,2024/08/23-6R,2,일,혼4등급,1400,8,2,1,먼로,52.0,0:13.7,0:38.1,0:13.4,1:25.4,480(5),39
2025년07월06일(일),제1경주,부경,5,원더드래곤,2024/08/09-3R,10,주,-,1000,16,-,1,먼로,55.0,0:14.1,0:35.6,0:12.7,1:00.9,474(-2),39
2025년07월06일(일),제1경주,부경,5,원더드래곤,2024/08/01-3R,7,주,-,1000,2,-,9,먼로,55.0,0:15.3,0:37.3,0:12.8,1:04.6,476(1),39
2025년07월06일(일),제1경주,부경,5,원더드래곤,2024/04/21-4R,1,일,혼4등급,1600,17,6,11,정동철,54.0,0:14.1,0:44.5,0:15.9,1:47.9,475(3),40
2025년07월06일(일),제1경주,부경,5,원더드래곤,2024/03/15-4R,1,일,혼4등급,1400,7,6,8,이효식,56.0,0:14.3,0:41.3,0:15.0,1:31.1,472(0),40
2025년07월06일(일),제1경주,부경,5,원더드래곤,2024/03/09-2R,11,주,-,1000,8,-,9,이효식,55.0,0:14.8,0:37.9,0:13.1,1:04.9,473(1),40
2025년07월06일(일),제1경주,부경,5,원더드래곤,2024/01/06-2R,3,주,-,1000,2,-,1,이효식,54.0,0:14.2,0:38.0,0:13.5,1:03.6,472(3),-
2025년07월06일(일),제1경주,부경,6,제트선,2025/06/22-3R,6,일,국5등급,1600,19,1,9,신윤섭,52.0,0:14.7,0:39.9,0:14.1,1:42.0,465(4),23
2025년07월06일(일),제1경주,부경,6,제트선,2025/06/08-3R,5,일,국5등급,1300,2,5,11,이홍락,51.0,0:15.1,0:39.0,0:13.4,1:25.0,461(-6),23
2025년07월06일(일),제1경주,부경,6,제트선,2025/04/04-3R,5,일,국5등급,1800,2,6,12,우에다,52.0,0:14.3,0:40.9,0:13.7,2:00.3,467(2),24
2025년07월06일(일),제1경주,부경,6,제트선,2025/03/16-2R,7,일,국5등급,1300,6,5,9,송경윤,52.0,0:14.7,0:39.6,0:13.8,1:23.6,465(-11),25
2025년07월06일(일),제1경주,부경,6,제트선,2025/02/21-4R,7,일,국5등급,1400,3,8,10,우에다,52.0,0:15.0,0:40.7,0:14.3,1:32.2,476(6),26
2025년07월06일(일),제1경주,부경,6,제트선,2025/01/17-4R,10,일,국5등급,1300,2,8,7,우에다,52.0,0:14.8,0:39.3,0:13.3,1:24.6,470(7),26
2025년07월06일(일),제1경주,부경,6,제트선,2024/12/20-3R,5,일,국6등급,1400,2,6,3,권오찬,52.0,0:14.2,0:39.7,0:13.6,1:30.4,463(-2),-
2025년07월06일(일),제1경주,부경,6,제트선,2024/12/06-2R,8,일,국6등급,1300,2,7,11,이성재,55.0,0:14.6,0:40.5,0:14.4,1:25.4,465(2),-
2025년07월06일(일),제1경주,부경,6,제트선,2024/11/08-2R,2,일,국6등급,1300,4,6,3,이성재,55.0,0:14.4,0:39.0,0:13.7,1:22.5,463(-10),-
2025년07월06일(일),제1경주,부경,6,제트선,2024/10/13-2R,11,일,국6등급,1600,3,6,9,최은경,54.0,0:14.4,0:41.8,0:14.4,1:47.3,473(-4),-
2025년07월06일(일),제1경주,부경,7,해피태양,2025/05/30-6R,4,일,혼4등급,1200,3,5,2,신윤섭,52.0,0:13.5,0:37.7,0:13.5,1:14.2,501(0),37
2025년07월06일(일),제1경주,부경,7,해피태양,2025/04/11-6R,4,일,국5등급,1200,2,6,2,신윤섭,56.0,0:13.8,0:38.9,0:14.0,1:15.3,501(-4),35
2025년07월06일(일),제1경주,부경,7,해피태양,2025/02/28-4R,1,일,국5등급,1200,2,6,1,신윤섭,54.5,0:13.9,0:38.2,0:13.6,1:14.9,505(-3),29
2025년07월06일(일),제1경주,부경,7,해피태양,2025/01/17-4R,4,일,국5등급,1300,2,8,12,김태현,53.0,0:14.2,0:42.7,0:15.6,1:27.1,508(21),30
2025년07월06일(일),제1경주,부경,7,해피태양,2024/12/21-4R,8,주,-,1000,2,-,4,신윤섭,55.0,0:13.7,0:38.4,0:14.2,1:03.4,501(14),30
2025년07월06일(일),제1경주,부경,7,해피태양,2024/11/03-3R,4,일,국5등급,1300,17,5,12,정동철,54.5,0:14.1,0:43.2,0:16.4,1:26.0,487(-2),31
2025년07월06일(일),제1경주,부경,7,해피태양,2024/08/25-2R,9,일,국5등급,1200,4,2,10,김어수,54.0,0:13.7,0:40.4,0:15.2,1:16.2,489(-8),32
2025년07월06일(일),제1경주,부경,7,해피태양,2024/08/09-4R,2,주,-,1000,16,-,3,김어수,55.0,0:13.7,0:36.9,0:13.1,1:01.5,499(2),32
2025년07월06일(일),제1경주,부경,7,해피태양,2024/03/31-3R,8,일,국5등급,1400,10,7,10,이효식,53.5,0:13.7,0:43.8,0:16.3,1:31.9,497(10),32
2025년07월06일(일),제1경주,부경,7,해피태양,2024/02/23-5R,9,일,국5등급,1400,16,4,7,이효식,54.5,0:14.3,0:38.1,0:13.2,1:28.6,487(3),32
2025년07월06일(일),제1경주,부경,8,광야의함성,2025/06/13-7R,9,일,혼4등급,1400,2,6,4,정도윤,55.0,0:14.3,0:39.4,0:13.7,1:28.8,481(-3),44
2025년07월06일(일),제1경주,부경,8,광야의함성,2025/05/18-5R,3,일,국4등급,1400,9,6,5,권오찬,54.5,0:14.5,0:38.4,0:13.5,1:28.5,484(1),44
2025년07월06일(일),제1경주,부경,8,광야의함성,2025/04/13-2R,10,일,국5등급,1400,17,2,1,권오찬,54.5,0:14.1,0:37.4,0:12.8,1:25.5,483(0),34
2025년07월06일(일),제1경주,부경,8,광야의함성,2025/03/07-4R,4,일,국5등급,1400,14,3,4,권오찬,54.5,0:14.3,0:37.7,0:13.1,1:27.5,483(0),34
2025년07월06일(일),제1경주,부경,8,광야의함성,2025/02/09-2R,6,일,국5등급,1400,3,9,6,권오찬,54.5,0:14.4,0:40.7,0:14.4,1:31.3,483(-4),34
2025년07월06일(일),제1경주,부경,8,광야의함성,2025/01/03-4R,12,일,국5등급,1400,2,9,3,권오찬,54.0,0:14.3,0:40.1,0:13.9,1:30.6,487(6),33
2025년07월06일(일),제1경주,부경,8,광야의함성,2024/12/08-3R,3,일,국5등급,1400,2,7,8,조창욱,56.0,0:14.5,0:40.0,0:14.0,1:30.2,481(3),33
2025년07월06일(일),제1경주,부경,8,광야의함성,2024/11/01-4R,4,일,국5등급,1400,20,4,2,조창욱,55.0,0:14.2,0:39.0,0:13.5,1:28.0,478(0),31
2025년07월06일(일),제1경주,부경,8,광야의함성,2024/09/13-5R,11,일,국5등급,1600,6,6,7,송경윤,55.5,0:14.9,0:41.5,0:14.4,1:44.4,478(6),32
2025년07월06일(일),제1경주,부경,8,광야의함성,2024/08/16-4R,7,일,국5등급,1400,2,4,4,다나카,55.5,0:14.3,0:37.9,0:13.3,1:28.0,472(2),32
2025년07월06일(일),제1경주,부경,9,프라임시크릿,2025/06/06-7R,5,일,혼4등급,1600,2,6,4,다나카,55.0,0:14.5,0:39.4,0:13.7,1:42.9,483(6),43
2025년07월06일(일),제1경주,부경,9,프라임시크릿,2025/04/25-6R,7,일,혼4등급,1200,7,7,2,우에다,53.5,0:14.5,0:37.5,0:13.0,1:15.4,477(3),40
2025년07월06일(일),제1경주,부경,9,프라임시크릿,2025/03/29-1R,7,주,-,1000,3,-,4,우에다,54.0,0:14.8,0:36.9,0:12.8,1:03.4,474(1),-
2025년07월06일(일),제1경주,부경,9,프라임시크릿,2025/03/22-2R,2,주,-,1000,2,-,7,우에다,54.0,0:14.6,0:38.2,0:12.5,1:04.8,473(-6),-
2025년07월06일(일),제1경주,부경,9,프라임시크릿,2024/09/14-3R,3,주,-,1000,5,-,8,우에다,53.0,0:13.9,0:38.8,0:13.3,1:04.4,479(0),-
2025년07월06일(일),제2경주,부경,1,오아시스기적,2025/05/24-2R,3,주,-,1000,2,-,1,진겸,53.0,0:14.9,0:37.7,0:13.2,1:04.3,486(-8),-
2025년07월06일(일),제2경주,부경,1,오아시스기적,2025/05/17-1R,3,주,-,1000,18,-,9,진겸,53.0,0:15.7,0:40.1,0:14.2,1:08.2,494(0),-
2025년07월06일(일),제2경주,부경,2,히트위너,2025/06/07-4R,4,주,-,1000,2,-,7,신윤섭,54.0,0:14.2,0:38.2,0:13.4,1:03.7,457(-2),-
2025년07월06일(일),제2경주,부경,2,히트위너,2025/05/18-2R,1,일,국6등급,1300,11,6,11,서강주,54.0,0:14.5,0:43.8,0:15.6,1:29.2,459(6),-
2025년07월06일(일),제2경주,부경,2,히트위너,2025/04/25-1R,7,일,국6등급,1200,8,7,4,서강주,54.0,0:14.0,0:40.5,0:14.5,1:18.5,453(-6),-
2025년07월06일(일),제2경주,부경,2,히트위너,2025/04/12-2R,1,주,-,1000,2,-,6,모준호,54.0,0:14.3,0:38.1,0:13.2,1:04.0,461(2),-
2025년07월06일(일),제2경주,부경,2,히트위너,2025/03/07-1R,6,일,국6등급,1200,14,3,12,모준호,54.0,0:16.1,0:38.9,0:13.4,1:19.9,459(24),-
2025년07월06일(일),제2경주,부경,2,히트위너,2024/11/30-1R,3,주,-,1000,9,-,4,전진구,53.0,0:15.0,0:38.8,0:13.5,1:05.7,435(0),-
2025년07월06일(일),제2경주,부경,3,캐럿킹,2025/06/13-1R,6,일,국6등급,1000,2,6,8,전진구,55.0,0:13.9,0:38.8,0:13.9,1:04.0,517(7),-
2025년07월06일(일),제2경주,부경,3,캐럿킹,2025/05/10-2R,10,주,-,1000,20,-,6,전진구,55.0,0:13.9,0:37.9,0:13.5,1:03.1,507(-3),-
2025년07월06일(일),제2경주,부경,3,캐럿킹,2025/04/26-2R,4,주,-,1000,5,-,8,전진구,53.0,0:15.5,0:37.8,0:13.2,1:05.5,510(0),-
2025년07월06일(일),제2경주,부경,4,플렉스탑,2025/05/30-1R,5,일,국6등급,1200,3,5,3,송경윤,55.0,0:14.0,0:39.6,0:13.9,1:16.8,476(4),-
2025년07월06일(일),제2경주,부경,4,플렉스탑,2025/05/02-1R,5,일,국6등급,1200,18,3,4,송경윤,55.0,0:13.6,0:38.4,0:13.4,1:14.6,472(3),-
2025년07월06일(일),제2경주,부경,4,플렉스탑,2025/03/07-1R,2,일,국6등급,1200,14,3,9,최시대,54.0,0:14.5,0:40.1,0:13.8,1:18.1,469(1),-
2025년07월06일(일),제2경주,부경,4,플렉스탑,2025/01/24-1R,2,일,국6등급,1200,2,8,5,이성재,54.0,0:14.2,0:40.1,0:14.0,1:17.9,468(7),-
2025년07월06일(일),제2경주,부경,4,플렉스탑,2024/12/07-2R,2,주,-,1000,2,-,8,유광희,53.0,0:14.5,0:38.2,0:13.2,1:05.1,461(0),-
2025년07월06일(일),제2경주,부경,5,천풍,2025/06/08-1R,10,일,국6등급,1200,2,5,3,최은경,57.0,0:13.6,0:39.4,0:14.2,1:15.9,480(0),-
2025년07월06일(일),제2경주,부경,5,천풍,2025/05/02-2R,5,일,국6등급,1300,18,3,8,이홍락,55.0,0:13.8,0:39.5,0:14.1,1:22.0,480(-3),-
2025년07월06일(일),제2경주,부경,5,천풍,2025/04/06-2R,8,일,국6등급,1200,2,7,7,이홍락,55.0,0:13.7,0:42.5,0:15.6,1:19.4,483(-10),-
2025년07월06일(일),제2경주,부경,5,천풍,2025/03/08-3R,7,주,-,1000,12,-,8,이홍락,54.0,0:13.9,0:38.6,0:13.7,1:04.1,485(-8),-
2025년07월06일(일),제2경주,부경,5,천풍,2025/01/24-1R,6,일,국6등급,1200,2,8,12,정동철,56.0,0:14.2,0:46.7,0:17.6,1:24.9,493(-2),-
2025년07월06일(일),제2경주,부경,5,천풍,2024/12/28-2R,1,주,-,1000,2,-,5,정동철,53.0,0:13.9,0:40.1,0:14.4,1:05.8,495(-2),-
2025년07월06일(일),제2경주,부경,5,천풍,2024/09/07-2R,4,주,-,1000,4,-,10,이효식,54.0,0:14.9,0:39.9,0:14.3,1:06.7,497(0),-
2025년07월06일(일),제2경주,부경,6,탑큐,2025/05/30-1R,10,일,국6등급,1200,3,5,10,최은경,55.0,0:14.0,0:40.6,0:14.0,1:19.1,453(-3),-
2025년07월06일(일),제2경주,부경,6,탑큐,2025/05/10-2R,3,주,-,1000,20,-,9,채상현,53.0,0:13.6,0:39.7,0:14.4,1:04.2,462(6),-
2025년07월06일(일),제2경주,부경,6,탑큐,2025/04/25-1R,2,일,국6등급,1200,8,7,11,최시대,55.0,0:13.8,0:45.4,0:16.5,1:22.2,456(-7),-
2025년07월06일(일),제2경주,부경,6,탑큐,2025/04/05-2R,2,주,-,1000,2,-,11,이홍락,55.0,0:13.9,0:38.9,0:13.9,1:04.2,463(0),-
2025년07월06일(일),제2경주,부경,7,그레이트스타,2025/06/06-1R,8,일,국6등급,1200,2,6,6,김어수,55.0,0:14.1,0:40.0,0:14.2,1:17.5,427(-8),-
2025년07월06일(일),제2경주,부경,7,그레이트스타,2025/05/11-2R,1,일,국6등급,1200,12,6,11,이홍락,53.0,0:13.9,0:41.6,0:14.6,1:18.9,435(9),-
2025년07월06일(일),제2경주,부경,7,그레이트스타,2025/04/04-1R,12,일,국6등급,1300,2,6,11,전진구,55.0,0:14.3,0:41.8,0:14.9,1:26.2,426(6),-
2025년07월06일(일),제2경주,부경,7,그레이트스타,2025/02/15-1R,2,주,-,1000,7,-,5,전진구,54.0,0:14.5,0:38.4,0:13.3,1:05.0,420(0),-
2025년07월06일(일),제2경주,부경,8,빅뱅클래스,2025/06/08-1R,6,일,국6등급,1200,2,5,5,모준호,57.0,0:13.7,0:39.3,0:13.9,1:16.1,493(1),-
2025년07월06일(일),제2경주,부경,8,빅뱅클래스,2025/05/09-2R,9,일,국6등급,1200,20,3,2,모준호,57.0,0:13.7,0:38.0,0:13.4,1:14.9,492(-4),-
2025년07월06일(일),제2경주,부경,8,빅뱅클래스,2025/04/05-1R,4,주,-,1000,2,-,4,모준호,55.0,0:13.9,0:38.0,0:13.3,1:03.4,496(12),-
2025년07월06일(일),제2경주,부경,8,빅뱅클래스,2024/12/14-1R,4,주,-,1000,2,-,2,유광희,53.0,0:14.3,0:38.8,0:13.4,1:04.8,484(-6),-
2025년07월06일(일),제2경주,부경,8,빅뱅클래스,2024/11/30-1R,4,주,-,1000,9,-,7,유광희,53.0,0:14.2,0:40.5,0:14.4,1:06.3,490(0),-
2025년07월06일(일),제2경주,부경,9,에이스선,2025/05/24-1R,7,주,-,1000,2,-,2,정동철,54.0,0:15.4,0:37.7,0:13.4,1:04.7,430(-13),-
2025년07월06일(일),제2경주,부경,9,에이스선,2025/01/18-1R,9,주,-,1000,2,-,10,다실바,55.0,0:14.2,0:40.8,0:14.7,1:06.5,443(0),-
2025년07월06일(일),제2경주,부경,10,압도적넘버원,2025/06/06-2R,8,일,국6등급,1300,2,6,3,다실바,57.0,0:13.9,0:40.7,0:15.0,1:22.9,466(1),-
2025년07월06일(일),제2경주,부경,10,압도적넘버원,2025/04/18-1R,8,일,국6등급,1300,8,6,4,다나카,57.0,0:14.1,0:40.4,0:14.7,1:23.9,465(-1),-
2025년07월06일(일),제2경주,부경,10,압도적넘버원,2025/03/21-1R,12,일,국6등급,1300,3,7,2,다나카,56.0,0:14.3,0:39.1,0:14.0,1:22.7,466(4),-
2025년07월06일(일),제2경주,부경,10,압도적넘버원,2025/02/21-1R,5,일,국6등급,1200,3,8,4,다나카,56.0,0:13.6,0:40.9,0:14.9,1:17.7,462(-9),-
2025년07월06일(일),제2경주,부경,10,압도적넘버원,2025/01/25-4R,11,주,-,1000,2,-,4,다나카,56.0,0:14.3,0:36.8,0:13.1,1:02.7,466(-5),-
2025년07월06일(일),제2경주,부경,10,압도적넘버원,2024/12/28-2R,6,주,-,1000,2,-,3,다실바,55.0,0:13.9,0:39.2,0:14.3,1:04.5,471(-8),-
2025년07월06일(일),제2경주,부경,10,압도적넘버원,2024/12/14-2R,5,주,-,1000,2,-,7,다실바,54.0,0:14.9,0:39.4,0:14.1,1:06.1,479(0),-
2025년07월06일(일),제2경주,부경,11,플라이걸,2025/06/08-1R,9,일,국6등급,1200,2,5,6,서강주,54.0,0:14.1,0:39.3,0:13.7,1:16.9,423(-10),-
2025년07월06일(일),제2경주,부경,11,플라이걸,2025/05/09-2R,1,일,국6등급,1200,20,3,7,서강주,54.0,0:14.0,0:39.7,0:14.1,1:17.0,433(-15),-
2025년07월06일(일),제2경주,부경,11,플라이걸,2025/04/06-2R,11,일,국6등급,1200,2,7,6,신윤섭,55.0,0:14.1,0:41.4,0:14.8,1:19.1,448(-7),-
2025년07월06일(일),제2경주,부경,11,플라이걸,2025/03/22-2R,4,주,-,1000,2,-,4,신윤섭,54.0,0:13.8,0:38.5,0:13.7,1:03.6,452(-3),-
2025년07월06일(일),제2경주,부경,11,플라이걸,2025/02/16-1R,7,일,국6등급,1200,7,8,12,유광희,54.5,0:13.9,0:43.1,0:15.6,1:21.3,455(4),-
2025년07월06일(일),제2경주,부경,11,플라이걸,2024/12/21-4R,6,주,-,1000,2,-,10,우에다,53.0,0:13.9,0:39.2,0:14.2,1:04.6,451(12),-
2025년07월06일(일),제2경주,부경,11,플라이걸,2024/08/17-3R,1,주,-,1000,2,-,5,정도윤,54.0,0:14.0,0:37.4,0:12.9,1:02.8,439(0),-
2025년07월06일(일),제3경주,부경,1,아스터,2025/05/11-4R,5,일,국5등급,1400,10,6,7,이홍락,53.0,0:14.0,0:41.8,0:15.2,1:30.7,480(-4),30
2025년07월06일(일),제3경주,부경,1,아스터,2025/04/13-2R,12,일,국5등급,1400,17,2,10,최시대,54.5,0:13.6,0:40.8,0:14.6,1:28.3,484(1),30
2025년07월06일(일),제3경주,부경,1,아스터,2025/03/09-2R,7,일,국6등급,1400,10,4,1,최시대,56.0,0:14.1,0:38.4,0:13.5,1:27.8,483(3),-
2025년07월06일(일),제3경주,부경,1,아스터,2025/02/14-2R,2,일,국6등급,1300,8,8,4,다나카,56.0,0:14.1,0:41.2,0:14.5,1:24.8,480(1),-
2025년07월06일(일),제3경주,부경,1,아스터,2025/01/17-3R,6,일,국6등급,1300,2,8,7,우에다,56.0,0:14.4,0:41.1,0:14.7,1:25.1,479(-1),-
2025년07월06일(일),제3경주,부경,1,아스터,2024/12/22-2R,12,일,국6등급,1300,2,6,7,최시대,55.0,0:14.0,0:42.6,0:15.5,1:25.2,480(9),-
2025년07월06일(일),제3경주,부경,1,아스터,2024/11/17-2R,8,일,국6등급,1200,2,7,10,유현명,55.0,0:14.0,0:43.5,0:16.1,1:20.7,471(-8),-
2025년07월06일(일),제3경주,부경,1,아스터,2024/09/27-3R,3,일,국6등급,1400,2,5,9,전진구,54.5,0:13.9,0:41.7,0:15.0,1:32.1,479(0),-
2025년07월06일(일),제3경주,부경,1,아스터,2024/09/01-1R,12,일,국6등급,1200,3,3,10,우에다,55.0,0:13.8,0:41.2,0:14.8,1:18.3,479(2),-
2025년07월06일(일),제3경주,부경,1,아스터,2024/08/09-1R,9,주,-,1000,16,-,2,우에다,54.0,0:14.2,0:36.9,0:12.7,1:02.5,477(16),-
2025년07월06일(일),제3경주,부경,2,서귀스타,2025/06/08-2R,1,일,국5등급,1300,2,5,5,모준호,52.0,0:14.3,0:39.2,0:13.8,1:22.1,407(-10),23
2025년07월06일(일),제3경주,부경,2,서귀스타,2025/05/03-1R,10,주,-,1000,14,-,2,모준호,55.0,0:14.1,0:36.5,0:12.9,1:02.1,416(-1),23
2025년07월06일(일),제3경주,부경,2,서귀스타,2025/04/25-5R,6,일,국5등급,1300,7,7,11,김동영,52.0,0:14.3,0:38.7,0:13.3,1:23.6,417(5),23
2025년07월06일(일),제3경주,부경,2,서귀스타,2025/03/14-4R,2,일,국5등급,1200,3,7,6,김동영,52.0,0:14.3,0:38.0,0:13.0,1:15.9,412(-6),23
2025년07월06일(일),제3경주,부경,2,서귀스타,2025/01/24-5R,4,일,국5등급,1200,2,8,10,정동철,51.0,0:14.1,0:38.3,0:13.3,1:17.2,418(-4),23
2025년07월06일(일),제3경주,부경,2,서귀스타,2024/12/20-5R,1,일,국5등급,1200,2,6,9,김동영,52.0,0:14.2,0:38.1,0:13.2,1:16.1,422(-7),23
2025년07월06일(일),제3경주,부경,2,서귀스타,2024/12/06-4R,7,일,국5등급,1300,2,7,10,이홍락,51.0,0:14.2,0:38.8,0:13.5,1:23.8,429(6),24
2025년07월06일(일),제3경주,부경,2,서귀스타,2024/11/01-5R,4,일,국5등급,1200,20,4,8,정동철,51.0,0:13.7,0:38.3,0:13.4,1:15.0,423(-3),25
2025년07월06일(일),제3경주,부경,2,서귀스타,2024/09/06-4R,8,일,국5등급,1300,2,5,6,이홍락,51.0,0:14.2,0:40.2,0:14.0,1:24.2,426(6),26
2025년07월06일(일),제3경주,부경,2,서귀스타,2024/08/11-8R,9,일,국5등급,1300,4,2,6,이홍락,51.0,0:14.4,0:38.0,0:13.4,1:21.2,420(-7),27
2025년07월06일(일),제3경주,부경,3,닥터매터스,2025/05/25-3R,9,일,국5등급,1300,5,6,6,김혜선,52.5,0:14.4,0:39.3,0:13.6,1:22.5,452(-1),30
2025년07월06일(일),제3경주,부경,3,닥터매터스,2025/05/09-4R,3,일,국5등급,1300,20,3,10,이성재,53.5,0:14.2,0:38.0,0:13.6,1:21.7,453(-5),30
2025년07월06일(일),제3경주,부경,3,닥터매터스,2025/04/11-2R,6,일,국6등급,1400,2,6,1,최시대,55.0,0:14.1,0:39.0,0:13.4,1:29.0,458(11),-
2025년07월06일(일),제3경주,부경,3,닥터매터스,2025/03/16-1R,8,일,국6등급,1200,6,5,3,김혜선,54.0,0:13.9,0:38.4,0:13.4,1:15.6,447(-5),-
2025년07월06일(일),제3경주,부경,3,닥터매터스,2025/02/16-1R,1,일,국6등급,1200,7,8,9,이현종,54.5,0:14.5,0:39.5,0:13.7,1:18.8,452(1),-
2025년07월06일(일),제3경주,부경,3,닥터매터스,2025/01/19-1R,1,일,국6등급,1200,2,7,4,최시대,54.5,0:14.2,0:39.4,0:13.7,1:17.9,451(4),-
2025년07월06일(일),제3경주,부경,3,닥터매터스,2024/12/22-1R,2,일,국6등급,1200,2,6,8,진겸,53.0,0:14.3,0:43.2,0:15.7,1:21.1,447(5),-
2025년07월06일(일),제3경주,부경,3,닥터매터스,2024/11/03-1R,4,일,국6등급,1200,18,5,5,이효식,53.0,0:13.8,0:39.5,0:13.9,1:16.7,442(1),-
2025년07월06일(일),제3경주,부경,3,닥터매터스,2024/09/28-3R,4,주,-,1000,2,-,6,진겸,53.0,0:14.3,0:37.8,0:13.2,1:03.7,441(20),-
2025년07월06일(일),제3경주,부경,3,닥터매터스,2024/07/20-1R,1,주,-,1000,17,-,9,최시대,53.0,0:14.7,0:39.0,0:13.1,1:06.2,421(0),-
2025년07월06일(일),제3경주,부경,4,대성돌풍,2025/06/01-2R,9,일,국5등급,1200,2,4,9,권오찬,51.0,0:13.8,0:38.9,0:14.0,1:15.8,489(2),26
2025년07월06일(일),제3경주,부경,4,대성돌풍,2025/05/04-2R,7,일,국5등급,1300,14,6,6,송경윤,52.0,0:13.8,0:39.8,0:14.0,1:22.4,487(4),27
2025년07월06일(일),제3경주,부경,4,대성돌풍,2025/03/28-4R,9,일,국5등급,1200,5,7,6,송경윤,52.0,0:13.9,0:39.3,0:13.8,1:16.9,483(-4),28
2025년07월06일(일),제3경주,부경,4,대성돌풍,2025/02/28-4R,2,일,국5등급,1200,2,6,5,정동철,54.0,0:13.9,0:39.2,0:14.0,1:16.1,487(-2),28
2025년07월06일(일),제3경주,부경,4,대성돌풍,2025/01/17-5R,4,일,국5등급,1200,2,8,8,정동철,52.0,0:13.9,0:39.4,0:14.0,1:16.5,489(13),29
2025년07월06일(일),제3경주,부경,4,대성돌풍,2024/12/08-2R,5,일,국5등급,1200,2,7,6,정동철,54.5,0:13.7,0:39.4,0:13.9,1:16.4,476(2),30
2025년07월06일(일),제3경주,부경,4,대성돌풍,2024/11/01-5R,11,일,국5등급,1200,20,4,11,우에다,53.5,0:13.8,0:39.2,0:13.9,1:16.1,474(-3),30
2025년07월06일(일),제3경주,부경,4,대성돌풍,2024/09/29-3R,3,일,국5등급,1200,2,6,3,우에다,52.0,0:14.1,0:37.5,0:12.8,1:15.5,477(5),29
2025년07월06일(일),제3경주,부경,4,대성돌풍,2024/08/03-3R,8,일,국5등급,1200,2,2,6,우에다,52.0,0:13.8,0:37.6,0:13.5,1:14.1,472(2),29
2025년07월06일(일),제3경주,부경,4,대성돌풍,2024/06/30-1R,2,일,국6등급,1300,20,4,1,우에다,55.0,0:13.8,0:40.0,0:14.0,1:22.3,470(2),-
2025년07월06일(일),제3경주,부경,5,대호마,2025/06/15-4R,7,일,국5등급,1400,14,4,9,이현종,57.0,0:14.0,0:41.0,0:14.4,1:30.4,501(2),34
2025년07월06일(일),제3경주,부경,5,대호마,2025/06/01-3R,11,일,국5등급,1300,2,4,11,다실바,56.5,0:14.4,0:38.9,0:13.7,1:22.8,499(0),34
2025년07월06일(일),제3경주,부경,5,대호마,2025/05/09-5R,5,일,국5등급,1600,20,3,5,다실바,57.0,0:14.8,0:38.9,0:13.3,1:41.4,499(3),34
2025년07월06일(일),제3경주,부경,5,대호마,2025/04/11-5R,6,일,국5등급,1600,2,6,5,다실바,56.5,0:14.3,0:40.4,0:13.8,1:42.9,496(-4),34
2025년07월06일(일),제3경주,부경,5,대호마,2025/03/21-4R,4,일,국5등급,1300,3,7,3,다실바,56.5,0:14.6,0:38.8,0:13.3,1:22.4,500(-1),34
2025년07월06일(일),제3경주,부경,5,대호마,2025/03/02-2R,5,일,국5등급,1300,4,6,2,다실바,55.5,0:14.4,0:38.5,0:13.1,1:21.9,501(-8),32
2025년07월06일(일),제3경주,부경,5,대호마,2025/02/14-6R,10,일,국5등급,1400,8,8,7,유현명,55.5,0:15.7,0:40.4,0:14.0,1:32.3,509(7),32
2025년07월06일(일),제3경주,부경,5,대호마,2025/01/24-5R,12,일,국5등급,1200,2,8,4,유현명,55.5,0:14.5,0:37.1,0:12.6,1:15.4,502(2),32
2025년07월06일(일),제3경주,부경,5,대호마,2025/01/05-3R,12,일,국5등급,1200,2,7,3,유현명,55.0,0:14.4,0:37.8,0:13.1,1:15.4,500(-1),31
2025년07월06일(일),제3경주,부경,5,대호마,2024/12/13-5R,7,일,국5등급,1300,2,7,2,유현명,53.0,0:14.4,0:38.0,0:13.2,1:21.6,501(-2),27
2025년07월06일(일),제3경주,부경,6,나이스버디,2025/06/06-1R,5,일,국6등급,1200,2,6,1,송경윤,55.0,0:13.6,0:38.2,0:13.5,1:14.8,470(-9),-
2025년07월06일(일),제3경주,부경,6,나이스버디,2025/05/10-2R,2,주,-,1000,20,-,5,이성재,55.0,0:13.6,0:38.6,0:13.9,1:03.1,480(1),-
2025년07월06일(일),제3경주,부경,6,나이스버디,2024/09/27-2R,3,일,국6등급,1200,2,5,2,이효식,53.5,0:13.6,0:38.9,0:13.9,1:15.5,479(4),-
2025년07월06일(일),제3경주,부경,6,나이스버디,2024/08/24-3R,4,주,-,1000,6,-,5,이효식,55.0,0:14.4,0:36.9,0:12.8,1:03.3,475(0),-
2025년07월06일(일),제3경주,부경,7,트리플악셀,2025/05/16-4R,10,일,국5등급,1400,6,5,7,이현종,54.5,0:14.2,0:40.0,0:13.9,1:29.5,466(-4),30
2025년07월06일(일),제3경주,부경,7,트리플악셀,2025/04/25-5R,2,일,국5등급,1300,7,7,8,이현종,54.5,0:14.4,0:39.0,0:13.4,1:22.6,470(-4),30
2025년07월06일(일),제3경주,부경,7,트리플악셀,2025/03/30-2R,10,일,국5등급,1400,2,6,11,이현종,54.5,0:14.2,0:41.7,0:14.7,1:30.5,474(3),30
2025년07월06일(일),제3경주,부경,7,트리플악셀,2025/02/28-5R,3,일,국5등급,1400,2,6,1,이현종,52.0,0:14.1,0:39.0,0:13.7,1:28.2,471(1),23
2025년07월06일(일),제3경주,부경,7,트리플악셀,2025/01/05-3R,10,일,국5등급,1200,2,7,6,김어수,52.0,0:13.9,0:39.0,0:13.6,1:16.1,470(2),23
2025년07월06일(일),제3경주,부경,7,트리플악셀,2024/12/13-6R,2,일,국5등급,1200,2,7,5,전진구,52.0,0:13.9,0:39.0,0:13.6,1:16.2,468(-6),23
2025년07월06일(일),제3경주,부경,7,트리플악셀,2024/11/01-5R,3,일,국5등급,1200,20,4,7,전진구,52.5,0:13.9,0:37.8,0:13.1,1:14.8,474(-4),24
2025년07월06일(일),제3경주,부경,7,트리플악셀,2024/10/11-6R,7,일,국5등급,1600,4,5,10,유광희,52.0,0:14.1,0:42.5,0:14.9,1:44.7,478(0),25
2025년07월06일(일),제3경주,부경,7,트리플악셀,2024/08/25-2R,10,일,국5등급,1200,4,2,9,채상현,53.0,0:13.8,0:39.3,0:13.9,1:15.8,478(0),26
2025년07월06일(일),제3경주,부경,7,트리플악셀,2024/05/12-3R,5,일,국5등급,1300,20,2,10,김동영,53.0,0:13.9,0:39.1,0:13.7,1:21.5,478(0),27
2025년07월06일(일),제3경주,부경,8,서부캡틴,2025/06/08-3R,6,일,국5등급,1300,2,5,1,모준호,54.0,0:14.2,0:38.1,0:13.5,1:21.1,480(-8),29
2025년07월06일(일),제3경주,부경,8,서부캡틴,2025/05/10-1R,10,주,-,1000,20,-,1,신윤섭,56.0,0:13.7,0:37.8,0:13.4,1:02.8,494(6),29
2025년07월06일(일),제3경주,부경,8,서부캡틴,2025/02/23-3R,9,일,국5등급,1600,3,9,10,이성재,54.5,0:14.1,0:43.4,0:15.6,1:45.0,488(-3),30
2025년07월06일(일),제3경주,부경,8,서부캡틴,2025/01/12-3R,8,일,국5등급,1800,2,9,7,우에다,54.5,0:15.0,0:44.0,0:15.0,2:02.4,491(-1),30
2025년07월06일(일),제3경주,부경,8,서부캡틴,2024/12/15-3R,2,일,국5등급,1800,2,8,8,우에다,55.0,0:14.8,0:41.6,0:13.9,2:01.2,492(3),30
2025년07월06일(일),제3경주,부경,8,서부캡틴,2024/11/22-3R,7,일,국6등급,1600,2,6,1,우에다,56.0,0:14.5,0:40.6,0:14.0,1:42.8,489(3),-
2025년07월06일(일),제3경주,부경,8,서부캡틴,2024/10/25-3R,6,일,국6등급,1600,8,6,6,우에다,56.0,0:14.3,0:41.4,0:14.3,1:44.4,486(0),-
2025년07월06일(일),제3경주,부경,8,서부캡틴,2024/09/29-2R,2,일,국6등급,1600,2,6,2,우에다,56.0,0:14.7,0:39.7,0:13.5,1:44.7,486(0),-
2025년07월06일(일),제3경주,부경,8,서부캡틴,2024/07/07-2R,10,일,국6등급,1400,5,5,6,김혜선,56.0,0:14.5,0:39.6,0:13.7,1:29.6,486(-3),-
2025년07월06일(일),제3경주,부경,8,서부캡틴,2024/06/07-3R,9,일,국6등급,1600,2,6,4,우에다,56.0,0:14.7,0:40.9,0:14.3,1:44.2,489(2),-
2025년07월06일(일),제3경주,부경,9,스토밍매직,2025/06/15-4R,6,일,국5등급,1400,14,4,4,유광희,52.0,0:14.1,0:39.2,0:13.6,1:28.1,461(0),27
2025년07월06일(일),제3경주,부경,9,스토밍매직,2025/05/25-3R,6,일,국5등급,1300,5,6,7,유광희,52.0,0:14.8,0:38.4,0:13.3,1:22.5,461(0),28
2025년07월06일(일),제3경주,부경,9,스토밍매직,2025/05/09-4R,4,일,국5등급,1300,20,3,9,유광희,53.0,0:14.8,0:37.5,0:13.0,1:21.5,461(3),29
2025년07월06일(일),제3경주,부경,9,스토밍매직,2025/04/20-2R,5,일,국5등급,1300,6,8,4,유광희,53.0,0:14.7,0:38.4,0:12.8,1:23.0,458(0),29
2025년07월06일(일),제3경주,부경,9,스토밍매직,2025/03/23-3R,6,일,국5등급,1400,2,6,4,유광희,52.0,0:14.5,0:39.5,0:13.6,1:29.7,458(1),29
2025년07월06일(일),제3경주,부경,9,스토밍매직,2025/03/02-2R,7,일,국5등급,1300,4,6,5,유광희,52.0,0:14.7,0:38.5,0:13.2,1:22.6,457(-4),29
2025년07월06일(일),제3경주,부경,9,스토밍매직,2025/01/24-6R,9,일,국5등급,1400,2,8,5,유광희,53.0,0:14.9,0:38.9,0:13.2,1:30.6,461(-1),29
2025년07월06일(일),제3경주,부경,9,스토밍매직,2025/01/05-2R,5,일,국5등급,1300,2,7,7,유광희,54.0,0:14.6,0:39.4,0:13.7,1:24.1,462(-3),30
2025년07월06일(일),제3경주,부경,9,스토밍매직,2024/12/06-5R,12,일,국5등급,1600,2,7,9,유광희,53.0,0:14.4,0:42.0,0:14.7,1:44.9,465(4),30
2025년07월06일(일),제3경주,부경,9,스토밍매직,2024/11/15-4R,8,일,국5등급,1400,2,6,3,유광희,53.0,0:14.6,0:39.4,0:13.6,1:30.1,461(1),29
2025년07월06일(일),제3경주,부경,10,머스킷걸,2025/06/14-3R,9,주,-,1000,20,-,5,다실바,55.0,0:14.0,0:37.1,0:13.2,1:02.2,472(6),29
2025년07월06일(일),제3경주,부경,10,머스킷걸,2025/03/14-5R,11,일,국5등급,1400,3,7,10,박재이,52.5,0:14.7,0:39.9,0:14.0,1:32.1,466(-9),29
2025년07월06일(일),제3경주,부경,10,머스킷걸,2025/02/21-4R,3,일,국5등급,1400,3,8,11,서승운,52.5,0:14.2,0:42.6,0:15.3,1:32.2,475(-3),29
2025년07월06일(일),제3경주,부경,10,머스킷걸,2025/01/26-1R,7,일,국6등급,1300,2,8,1,서승운,54.5,0:14.5,0:38.3,0:13.1,1:22.9,478(0),-
2025년07월06일(일),제3경주,부경,10,머스킷걸,2025/01/03-3R,10,일,국6등급,1400,2,9,7,다실바,54.5,0:14.1,0:42.7,0:14.8,1:33.3,478(1),-
2025년07월06일(일),제3경주,부경,10,머스킷걸,2024/11/29-1R,10,일,국6등급,1200,12,8,6,서승운,54.0,0:14.4,0:39.7,0:13.8,1:18.2,477(9),-
2025년07월06일(일),제3경주,부경,10,머스킷걸,2024/11/02-2R,3,주,-,1000,20,-,1,다실바,55.0,0:14.6,0:37.0,0:13.0,1:03.5,468(0),-
2025년07월06일(일),제3경주,부경,11,그랜드드림,2025/06/06-6R,8,일,국5등급,1200,2,6,5,다실바,55.5,0:13.9,0:38.7,0:14.0,1:15.3,503(-2),31
2025년07월06일(일),제3경주,부경,11,그랜드드림,2025/05/25-3R,8,일,국5등급,1300,5,6,11,최시대,55.0,0:14.4,0:39.8,0:14.3,1:22.9,505(2),31
2025년07월06일(일),제3경주,부경,11,그랜드드림,2025/04/27-2R,11,일,국5등급,1200,3,7,3,최시대,53.5,0:13.8,0:38.4,0:13.7,1:15.3,503(-4),28
2025년07월06일(일),제3경주,부경,11,그랜드드림,2025/04/04-4R,5,일,국5등급,1200,2,6,3,최시대,53.0,0:14.0,0:37.6,0:13.0,1:15.0,507(-2),27
2025년07월06일(일),제3경주,부경,11,그랜드드림,2025/03/09-3R,7,일,국5등급,1200,10,4,4,이홍락,51.0,0:13.9,0:37.9,0:13.4,1:14.6,509(3),27
2025년07월06일(일),제3경주,부경,11,그랜드드림,2025/01/24-5R,11,일,국5등급,1200,2,8,6,이홍락,51.5,0:14.1,0:38.1,0:13.1,1:16.0,506(4),28
2025년07월06일(일),제3경주,부경,11,그랜드드림,2025/01/05-3R,2,일,국5등급,1200,2,7,12,이성재,54.0,0:13.9,0:42.0,0:15.0,1:19.0,502(1),29
2025년07월06일(일),제3경주,부경,11,그랜드드림,2024/12/20-4R,1,일,국5등급,1400,2,6,12,최시대,55.0,0:13.9,0:43.1,0:15.2,1:31.6,501(-4),30
2025년07월06일(일),제3경주,부경,11,그랜드드림,2024/11/08-5R,1,일,국5등급,1400,4,6,4,최시대,55.5,0:14.1,0:40.5,0:14.7,1:29.9,505(0),30
2025년07월06일(일),제3경주,부경,11,그랜드드림,2024/10/06-3R,9,일,국5등급,1400,4,5,5,김혜선,54.5,0:14.2,0:41.0,0:14.3,1:30.2,505(2),30
2025년07월06일(일),제4경주,부경,1,맨오브더킹,2025/05/23-7R,5,일,국4등급,1600,2,5,4,박재이,52.5,0:14.6,0:38.6,0:13.1,1:41.1,451(-4),40
2025년07월06일(일),제4경주,부경,1,맨오브더킹,2025/04/13-3R,2,일,국4등급,1600,17,2,6,이현종,53.5,0:14.7,0:38.2,0:12.9,1:39.5,455(2),41
2025년07월06일(일),제4경주,부경,1,맨오브더킹,2025/03/16-4R,2,일,혼4등급,1200,6,5,7,박재이,54.5,0:13.8,0:38.9,0:13.8,1:15.5,453(7),42
2025년07월06일(일),제4경주,부경,1,맨오브더킹,2025/01/26-4R,8,일,국4등급,1200,2,8,6,유현명,54.5,0:14.3,0:37.7,0:13.1,1:15.9,446(3),43
2025년07월06일(일),제4경주,부경,1,맨오브더킹,2024/12/29-4R,1,일,혼4등급,1800,2,8,12,먼로,54.5,0:14.3,0:43.7,0:14.8,2:02.2,443(-1),43
2025년07월06일(일),제4경주,부경,1,맨오브더킹,2024/12/08-5R,5,일,혼4등급,1600,2,7,8,정도윤,55.5,0:14.3,0:42.5,0:14.9,1:44.4,444(-2),43
2025년07월06일(일),제4경주,부경,1,맨오브더킹,2024/11/15-8R,10,일,국4등급,1400,2,6,1,정도윤,52.0,0:14.4,0:38.6,0:13.0,1:28.7,446(-1),36
2025년07월06일(일),제4경주,부경,1,맨오브더킹,2024/10/25-7R,11,일,국4등급,1200,8,6,6,이성재,52.0,0:14.1,0:37.8,0:13.3,1:14.9,447(-4),37
2025년07월06일(일),제4경주,부경,1,맨오브더킹,2024/10/05-3R,4,주,-,1000,4,-,3,먼로,57.0,0:14.5,0:36.5,0:12.4,1:02.8,445(-6),37
2025년07월06일(일),제4경주,부경,1,맨오브더킹,2024/02/04-4R,7,일,혼4등급,1200,7,7,4,모준호,52.0,0:14.3,0:37.7,0:13.0,1:15.7,451(-1),37
2025년07월06일(일),제4경주,부경,2,포켓밀리언,2025/05/30-6R,9,일,혼4등급,1200,3,5,7,김혜선,56.0,0:13.9,0:37.9,0:13.1,1:15.2,476(5),50
2025년07월06일(일),제4경주,부경,2,포켓밀리언,2025/05/02-5R,3,일,국4등급,1800,18,3,4,정도윤,56.0,0:14.0,0:41.9,0:14.6,1:59.1,471(1),50
2025년07월06일(일),제4경주,부경,2,포켓밀리언,2025/04/11-8R,7,일,혼4등급,1400,2,6,4,김혜선,56.0,0:14.0,0:39.2,0:14.0,1:27.8,470(-9),50
2025년07월06일(일),제4경주,부경,2,포켓밀리언,2025/03/21-7R,10,일,국4등급,1200,3,7,1,최시대,52.5,0:13.6,0:38.9,0:13.9,1:15.1,479(6),42
2025년07월06일(일),제4경주,부경,2,포켓밀리언,2025/01/10-9R,2,일,혼4등급,1200,2,9,8,최시대,52.5,0:13.6,0:40.1,0:14.9,1:16.7,473(-10),43
2025년07월06일(일),제4경주,부경,2,포켓밀리언,2024/12/27-7R,7,일,혼4등급,1600,2,7,7,진겸,54.0,0:14.1,0:41.1,0:15.0,1:43.6,483(-7),44
2025년07월06일(일),제4경주,부경,2,포켓밀리언,2024/11/24-3R,12,일,국4등급,1200,2,5,8,김혜선,53.0,0:13.5,0:39.7,0:14.5,1:15.6,490(-2),44
2025년07월06일(일),제4경주,부경,2,포켓밀리언,2024/11/03-5R,5,일,국4등급,1200,16,5,2,김혜선,51.5,0:13.6,0:37.5,0:13.3,1:14.0,492(12),41
2025년07월06일(일),제4경주,부경,2,포켓밀리언,2024/08/02-12R,10,일,국4등급,1200,2,2,9,우에다,52.0,0:14.1,0:38.9,0:13.9,1:15.5,480(5),42
2025년07월06일(일),제4경주,부경,2,포켓밀리언,2024/06/02-6R,10,일,혼4등급,1200,2,5,9,문세영,53.5,0:13.6,0:38.5,0:13.8,1:15.0,475(-5),43
2025년07월06일(일),제4경주,부경,3,국대스타,2025/06/01-5R,6,일,혼3등급,1600,2,4,7,전진구,52.0,0:14.8,0:39.0,0:14.0,1:41.2,474(-2),50
2025년07월06일(일),제4경주,부경,3,국대스타,2025/04/18-7R,6,일,국4등급,1400,7,6,6,먼로,58.0,0:14.5,0:39.7,0:13.9,1:29.4,476(2),50
2025년07월06일(일),제4경주,부경,3,국대스타,2025/03/21-6R,7,일,국4등급,1400,3,7,3,다나카,58.0,0:14.0,0:39.4,0:13.9,1:28.2,474(1),49
2025년07월06일(일),제4경주,부경,3,국대스타,2025/02/16-4R,11,일,국4등급,1200,7,8,2,송경윤,56.5,0:14.2,0:38.5,0:13.4,1:16.2,473(-1),47
2025년07월06일(일),제4경주,부경,3,국대스타,2025/01/12-5R,3,일,국4등급,1600,2,9,5,다나카,56.5,0:14.2,0:40.7,0:14.3,1:42.8,474(-2),47
2025년07월06일(일),제4경주,부경,3,국대스타,2024/12/13-8R,6,일,혼4등급,1800,2,7,9,다실바,57.0,0:14.4,0:42.7,0:14.8,1:59.7,476(8),47
2025년07월06일(일),제4경주,부경,3,국대스타,2024/11/17-4R,8,일,혼4등급,1800,2,7,5,다나카,56.0,0:14.3,0:39.5,0:13.4,1:57.3,468(1),47
2025년07월06일(일),제4경주,부경,3,국대스타,2024/10/13-4R,7,일,혼4등급,1600,3,6,1,다나카,53.0,0:14.4,0:39.7,0:13.6,1:42.0,467(2),41
2025년07월06일(일),제4경주,부경,3,국대스타,2024/09/13-5R,7,일,국5등급,1600,6,6,1,다나카,55.5,0:14.2,0:39.7,0:13.6,1:41.5,465(-5),32
2025년07월06일(일),제4경주,부경,3,국대스타,2024/08/11-7R,8,일,국5등급,1400,4,2,3,진겸,55.0,0:14.0,0:38.8,0:13.9,1:27.4,470(5),31
2025년07월06일(일),제4경주,부경,4,트로피웨어,2025/06/08-6R,6,일,국4등급,1200,2,5,7,먼로,53.5,0:14.0,0:38.3,0:13.5,1:15.5,467(2),45
2025년07월06일(일),제4경주,부경,4,트로피웨어,2025/05/04-3R,6,일,국4등급,1200,14,6,5,먼로,54.5,0:14.0,0:38.7,0:13.7,1:15.6,465(8),45
2025년07월06일(일),제4경주,부경,4,트로피웨어,2025/04/04-5R,3,일,국4등급,1400,2,6,5,박재이,56.0,0:14.4,0:39.6,0:13.8,1:29.3,457(4),45
2025년07월06일(일),제4경주,부경,4,트로피웨어,2025/02/23-5R,3,일,국4등급,1400,3,9,5,김혜선,53.0,0:14.4,0:40.2,0:13.9,1:30.3,453(-4),45
2025년07월06일(일),제4경주,부경,4,트로피웨어,2025/01/26-4R,2,일,국4등급,1200,2,8,9,먼로,53.5,0:14.1,0:39.4,0:13.8,1:16.9,457(-3),45
2025년07월06일(일),제4경주,부경,4,트로피웨어,2024/12/15-4R,6,일,혼4등급,1200,2,8,1,먼로,52.0,0:13.9,0:38.2,0:13.0,1:15.1,460(5),38
2025년07월06일(일),제4경주,부경,4,트로피웨어,2024/11/15-7R,12,일,국4등급,1200,2,6,3,김혜선,51.0,0:13.9,0:37.8,0:13.0,1:15.5,455(-5),37
2025년07월06일(일),제4경주,부경,4,트로피웨어,2024/10/18-4R,6,일,국5등급,1200,11,3,1,김혜선,52.5,0:13.8,0:36.9,0:12.7,1:14.2,460(4),30
2025년07월06일(일),제4경주,부경,4,트로피웨어,2024/09/15-3R,7,일,국5등급,1200,3,5,7,먼로,52.5,0:13.9,0:38.4,0:13.3,1:15.8,456(8),30
2025년07월06일(일),제4경주,부경,4,트로피웨어,2024/08/11-4R,5,일,국6등급,1200,4,2,1,먼로,55.0,0:13.8,0:36.6,0:12.6,1:13.2,448(8),-
2025년07월06일(일),제4경주,부경,5,국대히어로,2025/06/15-2R,4,일,국4등급,1600,16,4,3,유광희,52.0,0:14.4,0:40.1,0:14.3,1:41.4,488(4),36
2025년07월06일(일),제4경주,부경,5,국대히어로,2025/05/23-7R,2,일,국4등급,1600,2,5,6,유광희,52.0,0:14.6,0:39.1,0:13.5,1:42.1,484(-3),36
2025년07월06일(일),제4경주,부경,5,국대히어로,2025/03/21-6R,1,일,국4등급,1400,3,7,11,먼로,52.0,0:14.4,0:40.3,0:14.3,1:30.6,487(13),36
2025년07월06일(일),제4경주,부경,5,국대히어로,2025/02/14-8R,9,일,국4등급,1800,8,8,10,유현명,52.0,0:15.0,0:44.5,0:15.6,2:02.2,474(-3),36
2025년07월06일(일),제4경주,부경,5,국대히어로,2025/01/12-5R,5,일,국4등급,1600,2,9,8,김혜선,51.0,0:14.4,0:41.1,0:14.3,1:43.4,477(2),36
2025년07월06일(일),제4경주,부경,5,국대히어로,2024/12/06-5R,5,일,국5등급,1600,2,7,1,다실바,55.0,0:15.2,0:40.5,0:14.3,1:43.2,475(5),30
2025년07월06일(일),제4경주,부경,5,국대히어로,2024/10/25-5R,3,일,국5등급,1600,8,6,5,김혜선,55.5,0:14.4,0:40.4,0:14.2,1:43.5,470(4),30
2025년07월06일(일),제4경주,부경,5,국대히어로,2024/08/23-4R,5,일,국5등급,1200,8,2,7,김혜선,55.0,0:14.2,0:37.4,0:12.9,1:14.6,466(-9),31
2025년07월06일(일),제4경주,부경,5,국대히어로,2024/08/11-6R,8,일,국5등급,1400,4,2,7,우에다,55.5,0:14.7,0:40.0,0:14.2,1:29.3,475(0),32
2025년07월06일(일),제4경주,부경,5,국대히어로,2024/06/23-2R,5,일,국5등급,1300,16,3,8,김태현,55.0,0:14.8,0:38.5,0:13.5,1:22.0,475(5),33
2025년07월06일(일),제4경주,부경,6,라온더마스커,2025/06/15-2R,3,일,국4등급,1600,16,4,1,다실바,53.5,0:14.2,0:39.3,0:13.9,1:40.3,515(-1),41
2025년07월06일(일),제4경주,부경,6,라온더마스커,2025/05/11-4R,9,일,국5등급,1400,10,6,1,다실바,55.0,0:13.8,0:39.3,0:13.8,1:28.2,516(-3),30
2025년07월06일(일),제4경주,부경,6,라온더마스커,2025/04/13-2R,8,일,국5등급,1400,17,2,4,서승운,54.5,0:13.8,0:39.1,0:13.7,1:27.0,519(0),30
2025년07월06일(일),제4경주,부경,6,라온더마스커,2025/03/07-4R,12,일,국5등급,1400,14,3,3,서승운,53.5,0:14.1,0:37.2,0:12.8,1:26.8,519(8),29
2025년07월06일(일),제4경주,부경,6,라온더마스커,2025/02/07-1R,7,일,국6등급,1200,5,9,1,이효식,56.0,0:13.7,0:39.9,0:14.1,1:17.3,511(0),-
2025년07월06일(일),제4경주,부경,6,라온더마스커,2024/12/28-3R,8,주,-,1000,2,-,3,서승운,55.0,0:14.9,0:38.2,0:13.5,1:05.4,511(25),-
2025년07월06일(일),제4경주,부경,6,라온더마스커,2024/08/17-1R,8,주,-,1000,2,-,1,먼로,54.0,0:14.0,0:37.7,0:13.0,1:03.6,486(0),-
2025년07월06일(일),제4경주,부경,7,영광의함성,2025/06/15-2R,6,일,국4등급,1600,16,4,6,먼로,52.0,0:14.5,0:40.9,0:14.8,1:42.2,456(-1),38
2025년07월06일(일),제4경주,부경,7,영광의함성,2025/05/18-5R,9,일,국4등급,1400,9,6,9,채상현,53.0,0:14.6,0:38.5,0:13.6,1:29.0,457(1),39
2025년07월06일(일),제4경주,부경,7,영광의함성,2025/04/18-7R,4,일,국4등급,1400,7,6,5,이성재,52.5,0:14.7,0:38.8,0:13.7,1:29.1,456(4),39
2025년07월06일(일),제4경주,부경,7,영광의함성,2025/03/30-4R,12,일,국4등급,1600,2,6,3,이성재,52.0,0:14.8,0:38.2,0:13.2,1:41.8,452(-6),38
2025년07월06일(일),제4경주,부경,7,영광의함성,2025/03/14-7R,2,일,국4등급,1800,3,7,5,먼로,52.5,0:14.4,0:40.9,0:13.9,1:58.5,458(-5),38
2025년07월06일(일),제4경주,부경,7,영광의함성,2025/03/02-6R,7,일,2등급,1200,4,6,9,이현종,52.0,0:14.5,0:37.0,0:13.0,1:15.0,463(4),38
2025년07월06일(일),제4경주,부경,7,영광의함성,2025/01/12-5R,7,일,국4등급,1600,2,9,9,유현명,52.5,0:14.1,0:42.4,0:15.1,1:44.0,459(-1),39
2025년07월06일(일),제4경주,부경,7,영광의함성,2024/11/15-8R,2,일,국4등급,1400,2,6,6,김어수,53.0,0:14.1,0:39.6,0:14.0,1:29.3,460(-3),40
2025년07월06일(일),제4경주,부경,7,영광의함성,2024/10/05-3R,2,주,-,1000,4,-,5,우에다,57.0,0:14.5,0:36.8,0:12.6,1:03.4,454(-9),40
2025년07월06일(일),제4경주,부경,7,영광의함성,2024/06/23-6R,3,일,국4등급,1600,14,3,9,진겸,52.0,0:14.2,0:46.3,0:16.0,1:48.7,463(3),40
2025년07월06일(일),제4경주,부경,8,글로벌위크,2025/05/30-8R,4,일,혼4등급,1600,3,5,1,진겸,52.0,0:14.2,0:38.4,0:13.2,1:40.7,467(1),37
2025년07월06일(일),제4경주,부경,8,글로벌위크,2025/03/14-7R,1,일,국4등급,1800,3,7,9,진겸,52.5,0:14.1,0:41.9,0:14.5,1:59.2,466(-13),38
2025년07월06일(일),제4경주,부경,8,글로벌위크,2025/02/15-2R,11,주,-,1000,7,-,2,다실바,57.0,0:13.9,0:35.7,0:12.1,1:01.0,468(-11),38
2025년07월06일(일),제4경주,부경,8,글로벌위크,2024/12/06-6R,1,일,혼4등급,1600,2,7,9,전진구,53.5,0:14.0,0:42.7,0:14.7,1:44.9,479(-6),39
2025년07월06일(일),제4경주,부경,8,글로벌위크,2024/09/06-7R,11,일,국4등급,1400,2,5,9,채상현,53.0,0:14.4,0:41.8,0:14.6,1:31.1,485(-1),40
2025년07월06일(일),제4경주,부경,8,글로벌위크,2024/08/11-10R,6,일,국4등급,1400,4,2,9,김혜선,53.0,0:14.7,0:39.2,0:14.0,1:28.3,486(-2),40
2025년07월06일(일),제4경주,부경,8,글로벌위크,2024/06/30-5R,9,일,국4등급,1200,20,4,8,유현명,53.5,0:13.9,0:37.2,0:13.2,1:13.8,488(-2),40
2025년07월06일(일),제4경주,부경,8,글로벌위크,2024/05/05-4R,6,일,국5등급,1400,15,3,1,유현명,56.0,0:13.8,0:39.2,0:13.8,1:26.4,490(1),33
2025년07월06일(일),제4경주,부경,8,글로벌위크,2024/03/29-5R,6,일,국5등급,1300,13,7,4,서승운,56.0,0:14.2,0:39.8,0:14.0,1:22.5,489(5),33
2025년07월06일(일),제4경주,부경,8,글로벌위크,2024/01/19-5R,8,일,국5등급,1300,15,5,2,김혜선,54.5,0:14.3,0:37.6,0:12.9,1:20.4,484(3),30
2025년07월06일(일),제4경주,부경,9,창창대로,2025/06/15-2R,2,일,국4등급,1600,16,4,2,서강주,56.0,0:14.4,0:39.2,0:13.9,1:40.8,489(0),48
2025년07월06일(일),제4경주,부경,9,창창대로,2025/06/01-4R,9,일,국4등급,1800,2,4,8,이홍락,55.5,0:14.5,0:42.5,0:14.8,2:00.4,489(-3),49
2025년07월06일(일),제4경주,부경,9,창창대로,2025/05/16-7R,5,일,국4등급,1800,10,5,5,이홍락,56.0,0:14.9,0:40.8,0:13.7,1:58.9,492(-4),49
2025년07월06일(일),제4경주,부경,9,창창대로,2025/05/02-5R,6,일,국4등급,1800,18,3,5,이홍락,55.5,0:14.4,0:41.7,0:14.3,1:59.6,496(2),49
2025년07월06일(일),제4경주,부경,9,창창대로,2025/04/06-4R,3,일,국4등급,1600,2,7,10,다실바,58.0,0:14.5,0:41.5,0:14.9,1:43.5,494(1),50
2025년07월06일(일),제4경주,부경,9,창창대로,2025/03/23-5R,5,일,국3등급,1200,2,6,9,이홍락,51.0,0:14.2,0:38.3,0:13.5,1:15.6,493(-9),51
2025년07월06일(일),제4경주,부경,9,창창대로,2025/03/02-6R,8,일,2등급,1200,4,6,10,김동영,52.0,0:14.5,0:37.1,0:13.1,1:15.0,502(4),51
2025년07월06일(일),제4경주,부경,9,창창대로,2025/01/03-9R,9,일,혼3등급,1800,2,9,10,우에다,52.0,0:14.3,0:41.2,0:14.2,1:59.2,498(7),51
2025년07월06일(일),제4경주,부경,9,창창대로,2024/11/10-8R,1,일,국3등급,1800,3,7,10,송경윤,52.0,0:14.3,0:40.9,0:14.2,1:57.7,491(0),51
2025년07월06일(일),제4경주,부경,9,창창대로,2024/08/16-8R,9,일,국3등급,1600,2,4,10,최은경,52.0,0:15.1,0:39.3,0:13.8,1:41.7,491(5),51
2025년07월06일(일),제4경주,부경,10,쿨러닝,2025/05/30-8R,2,일,혼4등급,1600,3,5,3,송경윤,56.5,0:14.4,0:38.4,0:13.2,1:41.1,496(3),46
2025년07월06일(일),제4경주,부경,10,쿨러닝,2025/04/13-3R,4,일,국4등급,1600,17,2,12,이성재,56.5,0:14.1,0:41.8,0:14.7,1:42.7,493(3),47
2025년07월06일(일),제4경주,부경,10,쿨러닝,2025/03/30-4R,5,일,국4등급,1600,2,6,6,송경윤,57.0,0:14.5,0:38.9,0:13.5,1:42.1,490(-4),48
2025년07월06일(일),제4경주,부경,10,쿨러닝,2025/03/07-7R,4,일,국4등급,1400,12,3,6,김효정,57.5,0:14.1,0:38.3,0:13.1,1:27.7,494(26),49
2025년07월06일(일),제4경주,부경,10,쿨러닝,2025/01/12-4R,12,일,혼4등급,1800,2,9,8,다실바,58.0,0:14.4,0:43.5,0:15.6,2:01.3,468(-11),50
2025년07월06일(일),제4경주,부경,10,쿨러닝,2024/12/08-6R,9,일,혼3등급,1600,2,7,12,이효식,52.0,0:14.9,0:40.8,0:14.6,1:43.2,479(-7),50
2025년07월06일(일),제4경주,부경,10,쿨러닝,2024/11/09-3R,7,주,-,1000,4,-,2,다실바,57.0,0:14.4,0:36.8,0:12.9,1:02.7,491(5),50
2025년07월06일(일),제4경주,부경,10,쿨러닝,2024/05/31-7R,10,일,혼4등급,1600,5,6,2,이효식,57.0,0:14.7,0:38.5,0:13.0,1:41.2,486(2),47
2025년07월06일(일),제4경주,부경,10,쿨러닝,2024/05/05-5R,7,일,혼4등급,1600,20,3,3,문세영,57.0,0:14.0,0:38.3,0:13.2,1:39.9,484(-7),46
2025년07월06일(일),제4경주,부경,10,쿨러닝,2024/04/05-6R,3,일,국4등급,1800,12,8,4,이효식,56.5,0:14.2,0:40.5,0:13.6,1:58.5,491(5),46
2025년07월06일(일),제4경주,부경,11,석세스모카,2025/05/30-7R,4,일,혼4등급,1600,3,5,2,최은경,56.5,0:14.0,0:39.2,0:13.9,1:41.2,500(15),46
2025년07월06일(일),제4경주,부경,11,석세스모카,2025/03/22-3R,5,주,-,1000,2,-,3,유광희,57.0,0:14.0,0:37.3,0:12.9,1:02.8,493(8),46
2025년07월06일(일),제4경주,부경,11,석세스모카,2024/11/17-4R,3,일,혼4등급,1800,2,7,9,최은경,56.0,0:13.9,0:40.8,0:14.0,1:58.4,485(-5),47
2025년07월06일(일),제4경주,부경,11,석세스모카,2024/10/13-4R,11,일,혼4등급,1600,3,6,6,최은경,56.5,0:14.2,0:41.3,0:14.1,1:43.4,490(5),48
2025년07월06일(일),제4경주,부경,11,석세스모카,2024/07/14-7R,9,일,혼3등급,1400,20,2,10,송경윤,52.0,0:14.2,0:38.5,0:13.5,1:27.5,485(1),48
2025년07월06일(일),제4경주,부경,11,석세스모카,2024/05/26-6R,1,일,국4등급,1600,2,5,4,최은경,57.0,0:13.8,0:40.8,0:14.5,1:42.3,484(-1),48
2025년07월06일(일),제4경주,부경,11,석세스모카,2024/04/12-5R,10,일,혼4등급,1400,3,7,3,김태현,54.0,0:13.9,0:39.2,0:13.8,1:28.7,485(-4),47
2025년07월06일(일),제4경주,부경,11,석세스모카,2024/02/16-7R,2,일,국4등급,1600,8,6,9,최은경,56.5,0:14.1,0:41.1,0:14.5,1:43.5,489(7),47
2025년07월06일(일),제4경주,부경,11,석세스모카,2023/12/31-5R,6,일,혼4등급,1600,6,6,1,최은경,52.0,0:14.0,0:39.2,0:13.9,1:40.5,482(-3),39
2025년07월06일(일),제4경주,부경,11,석세스모카,2023/11/24-8R,9,일,국4등급,1400,4,6,4,최은경,51.5,0:14.0,0:39.9,0:13.6,1:29.2,485(3),39
2025년07월06일(일),제5경주,부경,1,포스트맨,2025/06/08-7R,6,일,국3등급,1800,2,5,2,김어수,54.0,0:13.7,0:39.5,0:13.3,1:56.2,506(1),54
2025년07월06일(일),제5경주,부경,1,포스트맨,2025/04/27-5R,8,일,국4등급,1800,3,7,1,김어수,57.0,0:14.3,0:39.3,0:13.7,1:59.8,505(11),46
2025년07월06일(일),제5경주,부경,1,포스트맨,2025/03/28-6R,6,일,국4등급,1800,4,7,2,유현명,55.5,0:14.4,0:39.4,0:12.7,1:58.7,494(4),42
2025년07월06일(일),제5경주,부경,1,포스트맨,2025/02/21-8R,10,일,혼4등급,1800,3,8,2,모준호,52.5,0:14.3,0:42.7,0:13.9,1:59.4,490(-4),39
2025년07월06일(일),제5경주,부경,1,포스트맨,2025/01/24-7R,3,일,국4등급,1600,2,8,10,최시대,53.0,0:14.3,0:42.1,0:14.7,1:44.8,494(-7),40
2025년07월06일(일),제5경주,부경,1,포스트맨,2025/01/05-4R,11,일,국4등급,1800,2,7,5,이효식,53.0,0:14.1,0:40.4,0:13.5,1:57.3,501(6),40
2025년07월06일(일),제5경주,부경,1,포스트맨,2024/09/15-4R,7,일,국4등급,1800,3,5,11,채상현,52.5,0:14.8,0:41.8,0:14.3,1:58.5,495(0),40
2025년07월06일(일),제5경주,부경,1,포스트맨,2024/08/11-11R,8,일,혼4등급,1800,4,2,8,채상현,52.5,0:14.3,0:40.7,0:14.0,1:57.1,495(-12),40
2025년07월06일(일),제5경주,부경,1,포스트맨,2024/06/30-4R,8,일,국5등급,1800,20,4,1,채상현,56.0,0:14.1,0:39.8,0:13.1,1:56.5,507(8),33
2025년07월06일(일),제5경주,부경,1,포스트맨,2024/06/02-5R,11,일,국5등급,1600,2,5,2,채상현,54.5,0:13.9,0:38.7,0:13.3,1:41.0,499(-6),30
2025년07월06일(일),제5경주,부경,2,소리태풍,2025/06/22-5R,3,일,혼3등급,1800,17,1,2,모준호,53.0,0:13.7,0:39.2,0:13.3,1:53.9,473(0),54
2025년07월06일(일),제5경주,부경,2,소리태풍,2025/06/08-7R,4,일,국3등급,1800,2,5,3,채상현,54.0,0:13.6,0:40.7,0:13.7,1:57.2,473(3),54
2025년07월06일(일),제5경주,부경,2,소리태풍,2025/05/25-6R,4,일,혼3등급,1800,5,6,9,채상현,54.0,0:13.8,0:42.7,0:14.4,1:59.6,470(-1),55
2025년07월06일(일),제5경주,부경,2,소리태풍,2025/05/11-6R,3,일,혼3등급,1800,8,6,4,모준호,54.0,0:13.9,0:41.4,0:14.2,1:59.1,471(-4),55
2025년07월06일(일),제5경주,부경,2,소리태풍,2025/04/25-8R,4,일,국3등급,1800,7,7,4,다실바,54.0,0:13.8,0:43.9,0:14.6,2:00.2,475(3),55
2025년07월06일(일),제5경주,부경,2,소리태풍,2025/04/04-7R,4,일,혼3등급,1800,2,6,7,모준호,54.0,0:13.7,0:40.3,0:13.9,1:57.5,472(0),56
2025년07월06일(일),제5경주,부경,2,소리태풍,2025/03/16-5R,5,일,국3등급,1800,8,5,9,전진구,56.0,0:14.2,0:44.4,0:15.3,1:59.3,472(-6),57
2025년07월06일(일),제5경주,부경,2,소리태풍,2025/03/02-5R,1,일,혼3등급,1800,4,6,10,먼로,55.0,0:13.8,0:41.7,0:13.9,1:59.3,478(0),58
2025년07월06일(일),제5경주,부경,2,소리태풍,2025/02/09-5R,3,일,국3등급,1800,3,9,10,전진구,55.5,0:13.9,0:44.5,0:15.0,2:00.9,478(2),58
2025년07월06일(일),제5경주,부경,2,소리태풍,2025/01/03-9R,5,일,혼3등급,1800,2,9,3,전진구,55.0,0:13.9,0:40.2,0:13.5,1:57.8,476(2),57
2025년07월06일(일),제5경주,부경,3,아잔타,2025/06/13-8R,1,일,국3등급,1600,2,6,8,진겸,55.5,0:14.1,0:40.9,0:15.1,1:41.6,489(7),61
2025년07월06일(일),제5경주,부경,3,아잔타,2025/04/13-6R,4,특,혼OPEN,1800,16,2,2,정도윤,56.0,0:13.7,0:38.7,0:13.2,1:54.0,482(-11),53
2025년07월06일(일),제5경주,부경,3,아잔타,2025/03/16-5R,4,일,국3등급,1800,8,5,5,모준호,52.0,0:14.4,0:42.8,0:14.4,1:57.9,493(-2),53
2025년07월06일(일),제5경주,부경,3,아잔타,2025/01/19-5R,5,일,국3등급,1600,2,7,6,이성재,52.0,0:13.8,0:41.3,0:14.8,1:42.7,495(5),54
2025년07월06일(일),제5경주,부경,3,아잔타,2024/12/22-5R,8,일,국3등급,1800,2,6,9,정도윤,52.0,0:13.9,0:43.2,0:15.5,1:58.7,490(4),54
2025년07월06일(일),제5경주,부경,3,아잔타,2024/11/29-8R,7,일,국3등급,1800,10,8,3,진겸,52.0,0:14.0,0:42.5,0:14.7,1:56.6,486(0),53
2025년07월06일(일),제5경주,부경,3,아잔타,2024/11/10-7R,2,일,국4등급,1600,3,7,1,정도윤,53.0,0:14.2,0:40.6,0:14.2,1:41.3,486(-1),43
2025년07월06일(일),제5경주,부경,3,아잔타,2024/09/01-5R,5,일,혼4등급,1400,3,3,8,이효식,52.5,0:14.2,0:40.0,0:14.8,1:28.4,487(8),44
2025년07월06일(일),제5경주,부경,3,아잔타,2024/08/02-11R,9,일,국4등급,1800,2,2,10,유현명,53.0,0:13.8,0:42.2,0:15.6,1:57.4,479(-11),45
2025년07월06일(일),제5경주,부경,3,아잔타,2024/05/05-6R,10,대,국OPEN,1800,20,3,10,최시대,55.0,0:14.5,0:42.5,0:14.9,1:56.8,490(2),45
2025년07월06일(일),제5경주,부경,4,가속제일,2025/06/08-7R,3,일,국3등급,1800,2,5,6,전진구,52.0,0:14.7,0:40.1,0:13.5,1:57.7,511(-1),50
2025년07월06일(일),제5경주,부경,4,가속제일,2025/05/11-6R,6,일,혼3등급,1800,8,6,3,전진구,52.0,0:14.8,0:39.9,0:13.5,1:58.4,512(3),49
2025년07월06일(일),제5경주,부경,4,가속제일,2025/04/04-7R,2,일,혼3등급,1800,2,6,2,전진구,52.0,0:14.8,0:39.6,0:13.4,1:57.0,509(16),46
2025년07월06일(일),제5경주,부경,4,가속제일,2025/03/14-7R,10,일,국4등급,1800,3,7,4,이성재,56.5,0:14.5,0:40.7,0:13.8,1:57.9,493(-4),46
2025년07월06일(일),제5경주,부경,4,가속제일,2025/02/14-8R,3,일,국4등급,1800,8,8,6,이성재,56.5,0:14.9,0:39.6,0:13.2,1:59.0,497(2),46
2025년07월06일(일),제5경주,부경,4,가속제일,2025/01/12-4R,8,일,혼4등급,1800,2,9,2,이성재,55.0,0:14.6,0:41.9,0:14.9,2:00.1,495(8),44
2025년07월06일(일),제5경주,부경,4,가속제일,2024/12/20-7R,11,일,국4등급,1800,2,6,3,이성재,54.5,0:14.5,0:40.4,0:13.6,1:57.7,487(-5),43
2025년07월06일(일),제5경주,부경,4,가속제일,2024/11/17-4R,9,일,혼4등급,1800,2,7,12,최시대,54.5,0:15.3,0:40.0,0:13.7,1:59.1,492(-7),44
2025년07월06일(일),제5경주,부경,4,가속제일,2024/08/16-7R,10,일,국4등급,1800,2,4,7,이성재,55.5,0:14.6,0:39.1,0:13.0,1:56.3,499(2),45
2025년07월06일(일),제5경주,부경,4,가속제일,2024/07/19-6R,7,일,국4등급,1800,19,3,9,김태현,53.5,0:14.4,0:40.6,0:13.8,1:57.5,497(-9),45
2025년07월06일(일),제5경주,부경,5,블랙팰컨,2025/06/21-2R,9,주,-,1000,6,-,2,다나카,56.0,0:14.0,0:36.1,0:12.7,1:01.2,447(10),54
2025년07월06일(일),제5경주,부경,5,블랙팰컨,2025/06/08-7R,1,일,국3등급,1800,2,5,9,이현종,54.0,0:14.4,0:40.5,0:13.6,1:58.6,437(-8),54
2025년07월06일(일),제5경주,부경,5,블랙팰컨,2025/05/02-5R,2,일,국4등급,1800,18,3,1,다실바,55.5,0:14.1,0:39.8,0:13.5,1:57.0,445(0),45
2025년07월06일(일),제5경주,부경,5,블랙팰컨,2025/03/09-4R,3,일,혼4등급,1800,10,4,3,서승운,55.5,0:14.5,0:39.1,0:13.2,1:57.4,445(2),44
2025년07월06일(일),제5경주,부경,5,블랙팰컨,2025/02/14-8R,12,일,국4등급,1800,8,8,4,서승운,55.5,0:14.3,0:40.3,0:13.4,1:58.3,443(-2),44
2025년07월06일(일),제5경주,부경,5,블랙팰컨,2025/01/24-8R,10,일,혼4등급,1800,2,8,6,서승운,55.5,0:15.1,0:39.3,0:13.1,1:59.6,445(-9),45
2025년07월06일(일),제5경주,부경,5,블랙팰컨,2025/01/05-4R,5,일,국4등급,1800,2,7,4,다실바,55.5,0:14.8,0:39.9,0:13.4,1:57.1,454(1),45
2025년07월06일(일),제5경주,부경,5,블랙팰컨,2024/12/08-4R,8,일,국4등급,1800,2,7,3,박재이,55.0,0:14.3,0:41.6,0:14.2,1:58.4,453(0),44
2025년07월06일(일),제5경주,부경,5,블랙팰컨,2024/11/17-4R,4,일,혼4등급,1800,2,7,2,박재이,53.0,0:14.6,0:38.4,0:13.0,1:56.8,453(4),41
2025년07월06일(일),제5경주,부경,5,블랙팰컨,2024/10/18-5R,6,일,국5등급,1800,11,3,1,박재이,56.0,0:14.1,0:39.6,0:12.9,1:54.8,449(18),33
2025년07월06일(일),제5경주,부경,6,솔레다드,2025/06/22-5R,10,일,혼3등급,1800,17,1,5,채상현,52.0,0:13.9,0:39.2,0:13.3,1:54.3,450(6),55
2025년07월06일(일),제5경주,부경,6,솔레다드,2025/05/18-1R,8,일,국3등급,1800,11,6,2,이성재,52.0,0:14.6,0:40.0,0:13.3,1:57.9,444(7),53
2025년07월06일(일),제5경주,부경,6,솔레다드,2025/04/13-6R,2,특,혼OPEN,1800,16,2,4,이성재,56.0,0:14.3,0:38.9,0:13.2,1:54.9,437(-2),53
2025년07월06일(일),제5경주,부경,6,솔레다드,2025/03/16-5R,3,일,국3등급,1800,8,5,4,먼로,52.0,0:14.5,0:42.6,0:14.3,1:57.8,439(2),53
2025년07월06일(일),제5경주,부경,6,솔레다드,2025/02/09-5R,6,일,국3등급,1800,3,9,3,먼로,52.0,0:14.5,0:41.1,0:13.7,1:58.0,437(2),52
2025년07월06일(일),제5경주,부경,6,솔레다드,2025/01/05-4R,12,일,국4등급,1800,2,7,2,이성재,55.5,0:14.5,0:39.7,0:13.2,1:56.6,435(-3),49
2025년07월06일(일),제5경주,부경,6,솔레다드,2024/12/08-4R,2,일,국4등급,1800,2,7,10,이성재,56.0,0:14.4,0:42.5,0:14.7,1:59.8,438(7),50
2025년07월06일(일),제5경주,부경,6,솔레다드,2024/11/09-1R,9,주,-,1000,4,-,1,이성재,55.0,0:14.4,0:38.1,0:13.4,1:04.0,443(-4),50
2025년07월06일(일),제5경주,부경,6,솔레다드,2024/10/26-4R,4,주,-,1000,7,-,4,이성재,55.0,0:14.4,0:37.3,0:13.1,1:03.1,447(16),50
2025년07월06일(일),제5경주,부경,6,솔레다드,2024/04/26-6R,5,일,혼4등급,1800,8,7,10,채상현,56.0,0:14.0,0:44.0,0:15.2,2:01.4,431(6),50
2025년07월06일(일),제5경주,부경,7,브리도위저드,2025/06/07-4R,7,주,-,1000,2,-,4,진겸,56.0,0:14.2,0:37.2,0:13.1,1:02.6,452(15),59
2025년07월06일(일),제5경주,부경,7,브리도위저드,2024/11/29-8R,4,일,국3등급,1800,10,8,1,우에다,52.0,0:13.9,0:42.3,0:14.4,1:56.4,437(4),53
2025년07월06일(일),제5경주,부경,7,브리도위저드,2024/10/04-6R,1,일,혼4등급,1800,5,5,1,우에다,53.5,0:13.8,0:39.3,0:12.9,1:53.8,433(4),43
2025년07월06일(일),제5경주,부경,7,브리도위저드,2024/09/01-6R,4,일,국4등급,1800,3,3,1,우에다,52.0,0:13.7,0:39.7,0:13.2,1:55.2,429(-11),36
2025년07월06일(일),제5경주,부경,7,브리도위저드,2024/08/11-9R,3,일,국4등급,1300,4,2,5,진겸,52.0,0:14.1,0:37.5,0:13.1,1:19.5,440(2),36
2025년07월06일(일),제5경주,부경,7,브리도위저드,2024/07/14-5R,2,일,국4등급,1200,20,2,7,모준호,52.0,0:13.4,0:36.8,0:12.8,1:12.7,438(-7),36
2025년07월06일(일),제5경주,부경,7,브리도위저드,2024/06/30-6R,2,일,혼4등급,1400,18,4,5,진겸,52.0,0:13.7,0:39.6,0:13.7,1:27.4,445(9),36
2025년07월06일(일),제5경주,부경,7,브리도위저드,2024/06/02-4R,9,일,국5등급,1300,2,5,2,서승운,56.5,0:13.8,0:38.1,0:13.2,1:20.5,436(3),34
2025년07월06일(일),제5경주,부경,7,브리도위저드,2024/05/10-5R,1,일,국5등급,1200,5,5,2,박재이,56.0,0:13.9,0:38.1,0:13.1,1:15.1,433(-5),31
2025년07월06일(일),제5경주,부경,7,브리도위저드,2024/04/05-4R,11,일,국5등급,1200,12,8,3,서승운,54.5,0:13.9,0:39.0,0:13.4,1:15.9,438(5),29
2025년07월06일(일),제5경주,부경,8,콩코드파크,2025/03/09-4R,8,일,혼4등급,1800,10,4,1,다실바,56.0,0:14.6,0:38.9,0:13.0,1:56.7,451(-6),45
2025년07월06일(일),제5경주,부경,8,콩코드파크,2025/01/17-7R,5,일,국4등급,1800,2,8,7,이성재,55.5,0:14.9,0:41.5,0:14.1,1:59.4,457(4),45
2025년07월06일(일),제5경주,부경,8,콩코드파크,2024/12/27-6R,11,일,국4등급,1400,2,7,3,이성재,55.0,0:14.7,0:38.6,0:13.3,1:29.0,453(6),44
2025년07월06일(일),제5경주,부경,8,콩코드파크,2024/11/01-7R,4,일,혼4등급,1800,20,4,4,이성재,55.0,0:14.5,0:40.0,0:13.2,1:55.8,447(3),44
2025년07월06일(일),제5경주,부경,8,콩코드파크,2024/10/18-6R,3,일,혼4등급,1800,12,3,3,이성재,54.5,0:14.5,0:39.4,0:13.0,1:55.3,444(2),43
2025년07월06일(일),제5경주,부경,8,콩코드파크,2024/08/11-11R,7,일,혼4등급,1800,4,2,5,진겸,54.0,0:14.5,0:39.2,0:13.2,1:56.1,442(-4),43
2025년07월06일(일),제5경주,부경,8,콩코드파크,2024/07/05-6R,1,일,혼4등급,1800,5,6,5,정도윤,55.5,0:15.1,0:41.2,0:14.1,1:58.2,446(-4),43
2025년07월06일(일),제5경주,부경,8,콩코드파크,2024/06/09-5R,3,일,혼4등급,1800,15,2,7,윤형석,55.0,0:15.0,0:40.8,0:13.4,1:56.1,450(-4),43
2025년07월06일(일),제5경주,부경,8,콩코드파크,2024/04/14-6R,9,일,혼4등급,1800,2,5,6,다실바,54.5,0:14.4,0:41.4,0:14.0,1:58.3,454(-8),43
2025년07월06일(일),제5경주,부경,8,콩코드파크,2024/03/17-4R,5,일,국5등급,1800,4,7,1,다실바,56.0,0:14.5,0:42.0,0:14.4,1:59.9,462(-6),34
2025년07월06일(일),제5경주,부경,9,초격차,2025/05/23-3R,4,일,혼4등급,1800,2,5,1,서승운,57.0,0:14.3,0:38.3,0:13.0,1:56.3,516(8),48
2025년07월06일(일),제5경주,부경,9,초격차,2025/04/13-3R,1,일,국4등급,1600,17,2,3,서승운,56.0,0:13.9,0:39.1,0:13.6,1:38.6,508(-17),46
2025년07월06일(일),제5경주,부경,9,초격차,2025/02/23-6R,5,대,국OPEN,1400,3,9,9,유현명,57.0,0:14.4,0:41.2,0:14.6,1:30.4,525(9),46
2025년07월06일(일),제5경주,부경,9,초격차,2025/01/24-8R,6,일,혼4등급,1800,2,8,4,최은경,55.5,0:14.2,0:38.6,0:12.8,1:58.1,516(-6),46
2025년07월06일(일),제5경주,부경,9,초격차,2024/12/22-3R,10,일,국5등급,1600,2,6,1,최은경,54.5,0:13.9,0:39.4,0:13.9,1:39.7,522(10),32
2025년07월06일(일),제5경주,부경,9,초격차,2024/11/15-3R,10,일,국6등급,1400,2,6,1,최은경,55.0,0:14.1,0:38.1,0:13.3,1:27.3,512(7),-
2025년07월06일(일),제5경주,부경,9,초격차,2024/09/15-1R,7,일,국6등급,1200,3,5,2,최은경,55.0,0:14.2,0:37.8,0:13.3,1:15.8,505(-3),-
2025년07월06일(일),제5경주,부경,9,초격차,2024/07/12-1R,11,일,국6등급,1000,12,3,4,최은경,55.0,0:13.8,0:36.2,0:12.5,1:01.7,508(10),-
2025년07월06일(일),제5경주,부경,9,초격차,2024/06/08-3R,3,주,-,1000,2,-,6,최은경,53.0,0:14.5,0:38.3,0:13.2,1:04.6,498(0),-
2025년07월06일(일),제5경주,부경,10,석세스풀,2025/04/25-8R,3,일,국3등급,1800,7,7,5,서강주,54.5,0:14.2,0:43.3,0:14.6,2:00.7,477(0),58
2025년07월06일(일),제5경주,부경,10,석세스풀,2025/03/21-8R,2,일,혼3등급,1800,3,7,3,박재이,55.0,0:14.2,0:42.3,0:14.4,1:58.1,477(3),57
2025년07월06일(일),제5경주,부경,10,석세스풀,2025/02/16-5R,10,일,혼3등급,1800,7,8,8,모준호,54.0,0:14.1,0:43.1,0:14.6,2:01.6,474(5),58
2025년07월06일(일),제5경주,부경,10,석세스풀,2025/01/10-8R,4,일,국3등급,1800,2,9,5,모준호,54.5,0:14.1,0:41.1,0:13.9,1:58.6,469(6),58
2025년07월06일(일),제5경주,부경,10,석세스풀,2024/12/06-8R,7,일,국3등급,1800,2,7,2,모준호,52.5,0:14.2,0:41.0,0:13.8,1:57.2,463(-1),55
2025년07월06일(일),제5경주,부경,10,석세스풀,2024/10/25-8R,9,일,혼3등급,1800,8,6,5,전진구,53.0,0:14.1,0:39.0,0:13.2,1:54.9,464(-15),55
2025년07월06일(일),제5경주,부경,10,석세스풀,2024/08/30-8R,10,일,혼3등급,1400,4,5,9,송경윤,52.0,0:14.4,0:38.2,0:13.3,1:28.1,479(1),55
2025년07월06일(일),제5경주,부경,10,석세스풀,2024/08/02-13R,8,일,혼3등급,1200,2,2,5,송경윤,53.5,0:13.8,0:36.9,0:13.0,1:13.0,478(-5),55
2025년07월06일(일),제5경주,부경,10,석세스풀,2024/04/12-5R,7,일,혼4등급,1400,3,7,1,박재이,54.5,0:14.2,0:38.7,0:13.5,1:27.4,483(-2),44
2025년07월06일(일),제5경주,부경,10,석세스풀,2024/03/01-7R,11,일,혼4등급,1200,16,4,3,박재이,54.5,0:13.7,0:37.1,0:12.7,1:13.8,485(0),43
2025년07월06일(일),제5경주,부경,11,서부비전,2025/06/13-8R,2,일,국3등급,1600,2,6,6,먼로,53.5,0:14.2,0:39.4,0:13.5,1:41.2,510(-1),53
2025년07월06일(일),제5경주,부경,11,서부비전,2025/05/16-7R,7,일,국4등급,1800,10,5,2,다나카,57.5,0:14.2,0:39.0,0:12.9,1:56.7,511(-1),48
2025년07월06일(일),제5경주,부경,11,서부비전,2025/04/20-5R,8,일,혼4등급,1800,6,8,2,다나카,56.0,0:14.0,0:39.5,0:13.0,1:58.4,512(3),45
2025년07월06일(일),제5경주,부경,11,서부비전,2025/03/14-7R,11,일,국4등급,1800,3,7,2,다나카,54.5,0:14.0,0:40.2,0:13.5,1:57.5,509(2),42
2025년07월06일(일),제5경주,부경,11,서부비전,2025/02/21-7R,11,일,혼4등급,1800,3,8,4,이성재,54.0,0:14.4,0:41.3,0:13.9,1:59.3,507(10),42
2025년07월06일(일),제5경주,부경,11,서부비전,2025/01/12-4R,9,일,혼4등급,1800,2,9,6,이현종,54.5,0:14.3,0:43.7,0:15.6,2:01.3,497(5),43
2025년07월06일(일),제5경주,부경,11,서부비전,2024/12/13-8R,8,일,혼4등급,1800,2,7,6,유현명,55.5,0:14.2,0:42.7,0:14.7,1:59.3,492(-1),44
2025년07월06일(일),제5경주,부경,11,서부비전,2024/11/22-6R,9,일,국4등급,1800,2,6,12,최시대,55.5,0:14.3,0:40.2,0:13.4,1:58.3,493(5),45
2025년07월06일(일),제5경주,부경,11,서부비전,2024/10/27-5R,3,일,국4등급,1800,6,5,5,박재이,54.5,0:13.8,0:41.8,0:14.4,1:55.9,488(-1),45
2025년07월06일(일),제5경주,부경,11,서부비전,2024/09/29-5R,4,일,국4등급,1600,2,6,7,유현명,55.5,0:14.3,0:40.0,0:14.1,1:44.1,489(-1),46
2025년07월06일(일),제6경주,부경,1,퍼펙트액션,2025/06/08-8R,3,일,2등급,1200,2,5,3,송경윤,54.0,0:13.6,0:37.8,0:13.7,1:13.5,471(3),75
2025년07월06일(일),제6경주,부경,1,퍼펙트액션,2025/04/27-8R,6,대,혼OPEN,1400,6,6,13,송경윤,56.0,0:13.3,0:40.1,0:14.4,1:27.7,468(-2),75
2025년07월06일(일),제6경주,부경,1,퍼펙트액션,2025/04/04-8R,7,일,2등급,1400,2,6,1,송경윤,52.0,0:13.8,0:39.4,0:14.0,1:27.0,470(-2),70
2025년07월06일(일),제6경주,부경,1,퍼펙트액션,2025/03/02-6R,3,일,2등급,1200,4,6,2,송경윤,52.0,0:13.6,0:37.1,0:13.0,1:13.3,472(-1),68
2025년07월06일(일),제6경주,부경,1,퍼펙트액션,2025/01/24-9R,11,일,2등급,1200,2,8,9,송경윤,52.0,0:13.6,0:40.0,0:14.7,1:16.0,473(1),69
2025년07월06일(일),제6경주,부경,1,퍼펙트액션,2024/12/22-6R,10,일,2등급,1400,2,6,11,송경윤,52.0,0:13.7,0:42.2,0:15.2,1:30.2,472(0),69
2025년07월06일(일),제6경주,부경,1,퍼펙트액션,2024/11/22-8R,10,일,2등급,1600,2,6,10,진겸,52.0,0:14.6,0:41.5,0:14.8,1:43.1,472(3),69
2025년07월06일(일),제6경주,부경,1,퍼펙트액션,2024/10/20-5R,8,일,혼3등급,1200,16,6,1,먼로,55.0,0:13.6,0:37.0,0:12.9,1:13.2,469(-5),61
2025년07월06일(일),제6경주,부경,1,퍼펙트액션,2024/09/27-7R,5,일,국3등급,1800,2,5,8,이효식,53.5,0:13.6,0:43.5,0:15.4,1:58.0,474(9),61
2025년07월06일(일),제6경주,부경,1,퍼펙트액션,2024/08/16-8R,1,일,국3등급,1600,2,4,3,이효식,54.5,0:14.0,0:38.3,0:13.5,1:39.4,465(-5),60
2025년07월06일(일),제6경주,부경,2,사바하,2025/05/31-2R,9,주,-,1000,2,-,2,신윤섭,57.0,0:13.7,0:37.4,0:13.4,1:02.4,477(-8),66
2025년07월06일(일),제6경주,부경,2,사바하,2024/11/08-8R,2,일,2등급,1200,4,6,3,전진구,51.0,0:13.8,0:37.6,0:13.2,1:14.1,485(7),64
2025년07월06일(일),제6경주,부경,2,사바하,2024/08/30-8R,11,일,혼3등급,1400,4,5,11,김어수,56.5,0:14.7,0:40.2,0:14.5,1:29.7,478(-1),64
2025년07월06일(일),제6경주,부경,2,사바하,2024/07/14-7R,5,일,혼3등급,1400,20,2,4,신윤섭,58.0,0:14.2,0:38.0,0:13.4,1:26.0,479(-1),64
2025년07월06일(일),제6경주,부경,2,사바하,2024/04/26-8R,4,일,국3등급,1600,8,7,2,신윤섭,56.5,0:14.2,0:38.8,0:13.7,1:41.4,480(-5),61
2025년07월06일(일),제6경주,부경,2,사바하,2024/03/24-4R,12,일,국3등급,1200,8,6,7,우에다,56.5,0:14.1,0:38.2,0:13.5,1:15.3,485(4),61
2025년07월06일(일),제6경주,부경,2,사바하,2024/02/16-8R,7,일,혼3등급,1200,8,6,1,정도윤,52.5,0:13.8,0:37.1,0:13.0,1:13.5,481(4),54
2025년07월06일(일),제6경주,부경,2,사바하,2024/01/14-6R,10,일,국4등급,1200,3,6,1,윤형석,57.0,0:13.8,0:38.5,0:13.7,1:14.8,477(-2),46
2025년07월06일(일),제6경주,부경,2,사바하,2023/12/10-4R,8,일,국4등급,1200,4,4,9,윤형석,56.0,0:13.8,0:38.6,0:13.8,1:15.2,479(5),46
2025년07월06일(일),제6경주,부경,2,사바하,2023/10/15-4R,7,일,국4등급,1200,3,4,1,윤형석,51.0,0:13.6,0:37.1,0:13.1,1:13.2,474(11),38
2025년07월06일(일),제6경주,부경,3,비월,2025/06/08-8R,2,일,2등급,1200,2,5,2,최은경,56.0,0:13.9,0:35.9,0:12.4,1:12.2,485(4),75
2025년07월06일(일),제6경주,부경,3,비월,2025/05/02-8R,10,일,2등급,1200,16,3,2,다실바,53.5,0:13.7,0:36.1,0:12.5,1:12.0,481(8),71
2025년07월06일(일),제6경주,부경,3,비월,2025/04/04-8R,2,일,2등급,1400,2,6,7,최은경,54.0,0:13.9,0:39.8,0:14.4,1:27.5,473(-14),72
2025년07월06일(일),제6경주,부경,3,비월,2025/02/16-6R,8,일,2등급,1400,7,8,5,최은경,54.0,0:14.5,0:38.6,0:13.7,1:27.7,487(-3),72
2025년07월06일(일),제6경주,부경,3,비월,2024/12/22-6R,9,일,2등급,1400,2,6,2,최은경,53.0,0:14.1,0:39.0,0:13.6,1:27.2,490(8),70
2025년07월06일(일),제6경주,부경,3,비월,2024/11/08-8R,5,일,2등급,1200,4,6,5,다실바,53.5,0:13.9,0:37.4,0:13.3,1:14.2,482(6),70
2025년07월06일(일),제6경주,부경,3,비월,2024/10/26-4R,3,주,-,1000,7,-,1,다실바,56.0,0:14.3,0:36.2,0:12.5,1:01.9,495(19),70
2025년07월06일(일),제6경주,부경,3,비월,2024/05/26-7R,1,일,2등급,1400,3,5,10,최은경,54.5,0:14.1,0:40.1,0:14.4,1:28.4,476(-11),70
2025년07월06일(일),제6경주,부경,3,비월,2024/04/05-8R,11,일,혼3등급,1400,12,8,1,다실바,55.5,0:13.9,0:38.4,0:13.8,1:27.1,487(1),59
2025년07월06일(일),제6경주,부경,3,비월,2024/01/26-8R,7,일,혼3등급,1400,6,6,3,최은경,54.5,0:13.9,0:38.8,0:13.7,1:27.4,486(-3),57
2025년07월06일(일),제6경주,부경,4,위너클리어,2025/06/07-3R,8,주,-,1000,2,-,1,진겸,54.0,0:14.8,0:37.1,0:12.6,1:03.4,521(3),68
2025년07월06일(일),제6경주,부경,4,위너클리어,2025/04/18-8R,11,일,혼3등급,1200,7,6,1,정도윤,57.0,0:14.5,0:36.2,0:12.6,1:14.2,518(-5),62
2025년07월06일(일),제6경주,부경,4,위너클리어,2025/03/09-6R,13,대,혼OPEN,1200,9,4,11,진겸,53.0,0:14.1,0:36.2,0:12.6,1:12.8,523(-3),62
2025년07월06일(일),제6경주,부경,4,위너클리어,2025/01/19-5R,2,일,국3등급,1600,2,7,8,진겸,56.0,0:13.9,0:42.4,0:15.6,1:43.5,526(11),62
2025년07월06일(일),제6경주,부경,4,위너클리어,2024/11/17-6R,5,대,혼OPEN,1200,2,7,1,진겸,55.0,0:13.7,0:37.6,0:13.7,1:13.3,515(2),45
2025년07월06일(일),제6경주,부경,4,위너클리어,2024/10/20-6R,8,대,국OPEN,1200,16,6,2,진겸,55.0,0:13.8,0:38.2,0:13.9,1:14.4,513(0),44
2025년07월06일(일),제6경주,부경,4,위너클리어,2024/09/08-6R,2,대,국OPEN,1200,3,4,1,진겸,55.0,0:13.7,0:37.2,0:13.4,1:12.7,513(8),32
2025년07월06일(일),제6경주,부경,4,위너클리어,2024/08/02-2R,2,일,국6등급,1200,2,2,1,진겸,55.0,0:13.5,0:36.6,0:13.1,1:11.8,505(-8),-
2025년07월06일(일),제6경주,부경,4,위너클리어,2024/06/28-2R,6,일,국6등급,1200,5,4,3,진겸,55.0,0:14.6,0:37.1,0:13.1,1:14.9,513(17),-
2025년07월06일(일),제6경주,부경,4,위너클리어,2024/05/18-3R,1,주,-,1000,3,-,7,최시대,53.0,0:15.2,0:36.6,0:12.7,1:03.4,496(0),-
2025년07월06일(일),제6경주,부경,5,한강세이버,2025/05/02-8R,7,일,2등급,1200,16,3,3,채상현,55.0,0:13.8,0:36.6,0:12.6,1:12.9,490(-4),74
2025년07월06일(일),제6경주,부경,5,한강세이버,2025/04/04-8R,12,일,2등급,1400,2,6,11,다나카,55.5,0:13.9,0:40.1,0:14.3,1:28.2,494(2),75
2025년07월06일(일),제6경주,부경,5,한강세이버,2025/03/02-6R,2,일,2등급,1200,4,6,6,정동철,56.5,0:14.0,0:37.3,0:13.1,1:14.3,492(-3),75
2025년07월06일(일),제6경주,부경,5,한강세이버,2025/01/24-9R,8,일,2등급,1200,2,8,3,정동철,55.0,0:14.4,0:37.1,0:13.0,1:14.3,495(1),74
2025년07월06일(일),제6경주,부경,5,한강세이버,2024/12/22-6R,7,일,2등급,1400,2,6,9,김혜선,55.5,0:14.0,0:40.3,0:14.1,1:28.6,494(0),75
2025년07월06일(일),제6경주,부경,5,한강세이버,2024/11/08-8R,7,일,2등급,1200,4,6,9,박재이,56.5,0:13.8,0:38.4,0:13.8,1:14.9,494(-8),76
2025년07월06일(일),제6경주,부경,5,한강세이버,2024/09/27-8R,9,일,2등급,1200,2,5,6,김혜선,57.0,0:13.8,0:37.0,0:12.9,1:14.1,502(4),76
2025년07월06일(일),제6경주,부경,5,한강세이버,2024/08/10-9R,3,일,2등급,1200,6,2,2,김혜선,55.0,0:13.6,0:36.0,0:12.5,1:11.5,498(12),72
2025년07월06일(일),제6경주,부경,5,한강세이버,2024/06/28-8R,3,일,2등급,1200,5,4,11,다실바,54.0,0:14.1,0:38.1,0:13.9,1:14.9,486(-9),72
2025년07월06일(일),제6경주,부경,5,한강세이버,2024/04/21-6R,2,일,2등급,1200,15,6,3,다나카,53.5,0:13.5,0:36.8,0:12.8,1:13.3,495(-3),71
2025년07월06일(일),제6경주,부경,6,킹애니데이,2025/06/08-8R,5,일,2등급,1200,2,5,4,서강주,55.0,0:13.6,0:38.1,0:13.6,1:13.8,500(1),75
2025년07월06일(일),제6경주,부경,6,킹애니데이,2025/05/02-8R,1,일,2등급,1200,16,3,5,유광희,55.5,0:13.7,0:37.4,0:13.1,1:13.2,499(7),75
2025년07월06일(일),제6경주,부경,6,킹애니데이,2025/04/13-8R,2,대,혼OPEN,1200,17,5,8,유광희,57.0,0:13.7,0:37.1,0:13.2,1:13.1,492(-12),75
2025년07월06일(일),제6경주,부경,6,킹애니데이,2025/03/02-6R,6,일,2등급,1200,4,6,2,유광희,55.5,0:13.8,0:36.6,0:12.7,1:13.3,504(-1),73
2025년07월06일(일),제6경주,부경,6,킹애니데이,2025/02/16-6R,2,일,2등급,1400,7,8,7,유광희,54.5,0:14.4,0:38.9,0:13.9,1:28.6,505(-2),73
2025년07월06일(일),제6경주,부경,6,킹애니데이,2025/01/24-9R,6,일,2등급,1200,2,8,2,유광희,52.5,0:14.1,0:36.3,0:12.5,1:13.5,507(-4),69
2025년07월06일(일),제6경주,부경,6,킹애니데이,2024/12/22-6R,8,일,2등급,1400,2,6,5,유광희,52.5,0:13.8,0:39.9,0:14.1,1:27.7,511(-7),69
2025년07월06일(일),제6경주,부경,6,킹애니데이,2024/11/08-8R,6,일,2등급,1200,4,6,2,유광희,52.0,0:13.7,0:37.4,0:13.5,1:13.7,518(10),65
2025년07월06일(일),제6경주,부경,6,킹애니데이,2024/10/18-8R,4,일,2등급,1400,20,3,8,전진구,51.0,0:13.6,0:40.3,0:14.7,1:27.2,508(-1),65
2025년07월06일(일),제6경주,부경,6,킹애니데이,2024/09/27-8R,7,일,2등급,1200,2,5,3,유광희,51.0,0:14.0,0:36.5,0:12.4,1:13.7,509(-9),63
2025년07월06일(일),제6경주,부경,7,파워사운드,2025/06/08-8R,8,일,2등급,1200,2,5,7,채상현,52.5,0:13.9,0:36.8,0:12.5,1:14.5,473(2),68
2025년07월06일(일),제6경주,부경,7,파워사운드,2025/05/02-8R,3,일,2등급,1200,16,3,10,정도윤,52.5,0:14.2,0:37.7,0:13.4,1:14.6,471(1),69
2025년07월06일(일),제6경주,부경,7,파워사운드,2025/04/04-8R,4,일,2등급,1400,2,6,10,최시대,52.5,0:13.7,0:40.5,0:14.4,1:28.1,470(-2),69
2025년07월06일(일),제6경주,부경,7,파워사운드,2025/02/16-6R,7,일,2등급,1400,7,8,3,유현명,52.0,0:13.8,0:39.1,0:13.6,1:27.4,472(-6),68
2025년07월06일(일),제6경주,부경,7,파워사운드,2024/12/22-6R,11,일,2등급,1400,2,6,6,서승운,52.5,0:13.7,0:39.2,0:13.5,1:27.8,478(1),69
2025년07월06일(일),제6경주,부경,7,파워사운드,2024/11/08-8R,4,일,2등급,1200,4,6,7,먼로,53.0,0:13.8,0:36.8,0:12.4,1:14.4,477(1),69
2025년07월06일(일),제6경주,부경,7,파워사운드,2024/10/18-8R,1,일,2등급,1400,20,3,2,김혜선,51.0,0:13.8,0:37.5,0:13.0,1:24.8,476(9),65
2025년07월06일(일),제6경주,부경,7,파워사운드,2024/09/15-6R,8,일,국3등급,1400,3,5,1,김혜선,56.5,0:14.0,0:37.8,0:12.9,1:27.4,467(1),59
2025년07월06일(일),제6경주,부경,7,파워사운드,2024/08/11-12R,5,일,국3등급,1200,4,2,4,서승운,55.5,0:13.6,0:36.6,0:13.0,1:12.1,466(-3),59
2025년07월06일(일),제6경주,부경,7,파워사운드,2024/07/12-8R,8,일,혼3등급,1400,9,3,3,서승운,54.5,0:13.8,0:37.2,0:12.8,1:25.8,469(-4),57
2025년07월06일(일),제6경주,부경,8,백두의꿈,2025/06/08-8R,1,일,2등급,1200,2,5,1,먼로,52.0,0:13.7,0:35.9,0:12.5,1:11.8,489(4),71
2025년07월06일(일),제6경주,부경,8,백두의꿈,2025/04/27-8R,9,대,혼OPEN,1400,6,6,14,다나카,56.0,0:13.5,0:39.7,0:14.4,1:27.9,485(15),71
2025년07월06일(일),제6경주,부경,8,백두의꿈,2025/03/29-2R,10,주,-,1000,3,-,2,다나카,56.0,0:13.8,0:36.6,0:12.7,1:01.6,485(15),71
2025년07월06일(일),제6경주,부경,8,백두의꿈,2024/08/11-12R,4,일,국3등급,1200,4,2,1,다실바,55.0,0:13.5,0:35.8,0:12.7,1:11.1,470(-2),62
2025년07월06일(일),제6경주,부경,8,백두의꿈,2024/07/05-8R,2,일,국3등급,1200,5,6,3,다실바,53.5,0:13.3,0:38.9,0:14.0,1:14.2,472(4),60
2025년07월06일(일),제6경주,부경,8,백두의꿈,2024/06/29-4R,9,주,-,1000,3,-,1,다실바,55.0,0:13.2,0:35.4,0:12.4,0:59.2,487(19),60
2025년07월06일(일),제6경주,부경,8,백두의꿈,2024/05/05-6R,8,대,국OPEN,1800,20,3,14,다실바,55.0,0:13.4,0:44.0,0:15.4,1:57.5,468(-14),61
2025년07월06일(일),제6경주,부경,8,백두의꿈,2024/03/31-5R,8,대,국OPEN,1600,9,7,4,다실바,55.0,0:13.5,0:41.5,0:15.1,1:42.1,482(12),61
2025년07월06일(일),제6경주,부경,8,백두의꿈,2024/01/21-5R,2,일,국3등급,1600,15,2,6,다실바,53.5,0:14.1,0:38.1,0:13.3,1:38.4,470(-12),61
2025년07월06일(일),제6경주,부경,8,백두의꿈,2023/12/03-5R,8,대,혼OPEN,1200,3,5,1,다실바,54.0,0:13.6,0:37.9,0:13.4,1:14.0,482(8),55
2025년07월06일(일),제6경주,부경,9,태왕신기,2025/06/08-8R,4,일,2등급,1200,2,5,6,이성재,55.0,0:13.8,0:38.1,0:13.3,1:14.4,520(-3),73
2025년07월06일(일),제6경주,부경,9,태왕신기,2025/05/02-8R,2,일,2등급,1200,16,3,1,서승운,52.0,0:13.4,0:36.4,0:12.4,1:11.9,523(-2),65
2025년07월06일(일),제6경주,부경,9,태왕신기,2025/03/23-5R,8,일,국3등급,1200,2,6,1,다실바,55.5,0:13.6,0:37.2,0:13.0,1:13.3,525(3),59
2025년07월06일(일),제6경주,부경,9,태왕신기,2025/02/28-8R,5,일,국3등급,1200,2,6,2,다실바,56.0,0:13.7,0:37.7,0:13.4,1:13.7,522(3),57
2025년07월06일(일),제6경주,부경,9,태왕신기,2025/02/07-8R,10,일,혼3등급,1200,5,9,4,우에다,54.5,0:13.5,0:40.2,0:14.3,1:16.6,519(-4),57
2025년07월06일(일),제6경주,부경,9,태왕신기,2025/01/17-9R,12,일,혼3등급,1200,2,8,3,우에다,54.0,0:13.5,0:38.8,0:14.0,1:14.4,523(5),56
2025년07월06일(일),제6경주,부경,9,태왕신기,2024/12/20-8R,3,일,혼3등급,1200,2,6,2,우에다,52.5,0:13.4,0:37.9,0:13.3,1:13.4,518(-5),54
2025년07월06일(일),제6경주,부경,9,태왕신기,2024/11/24-3R,2,일,국4등급,1200,2,5,1,우에다,54.5,0:13.6,0:37.6,0:13.3,1:13.3,523(2),43
2025년07월06일(일),제6경주,부경,9,태왕신기,2024/10/27-5R,2,일,국4등급,1800,6,5,6,우에다,54.0,0:13.7,0:43.3,0:14.7,1:56.8,521(3),44
2025년07월06일(일),제6경주,부경,9,태왕신기,2024/10/04-6R,4,일,혼4등급,1800,5,5,7,모준호,54.5,0:13.5,0:42.4,0:14.6,1:56.6,518(-2),45
2025년07월06일(일),제6경주,부경,10,톱파이어,2025/06/15-6R,10,일,1등급,1400,14,4,8,모준호,52.0,0:14.4,0:39.1,0:13.9,1:28.8,545(5),75
2025년07월06일(일),제6경주,부경,10,톱파이어,2025/05/18-6R,10,일,2등급,1600,8,6,4,모준호,55.5,0:14.2,0:39.5,0:13.7,1:41.2,540(5),75
2025년07월06일(일),제6경주,부경,10,톱파이어,2025/04/20-6R,3,일,1등급,1600,6,8,6,김태현,52.0,0:14.0,0:39.5,0:13.4,1:42.1,535(6),75
2025년07월06일(일),제6경주,부경,10,톱파이어,2025/03/30-5R,10,일,1등급,2000,2,6,8,우에다,52.0,0:14.7,0:41.0,0:14.1,2:10.8,529(-3),75
2025년07월06일(일),제6경주,부경,10,톱파이어,2025/03/16-6R,9,일,1등급,1400,8,5,7,모준호,52.0,0:13.9,0:38.9,0:13.6,1:27.0,532(-5),75
2025년07월06일(일),제6경주,부경,10,톱파이어,2025/02/23-4R,8,일,1등급,2000,3,9,5,모준호,52.0,0:14.9,0:41.8,0:14.4,2:13.6,537(1),75
2025년07월06일(일),제6경주,부경,10,톱파이어,2025/01/12-6R,11,일,1등급,1400,2,9,6,모준호,52.0,0:14.6,0:38.0,0:12.9,1:28.2,536(-5),75
2025년07월06일(일),제6경주,부경,10,톱파이어,2024/12/27-8R,8,일,2등급,1800,2,7,8,우에다,57.0,0:14.1,0:40.6,0:13.8,1:57.6,541(1),76
2025년07월06일(일),제6경주,부경,10,톱파이어,2024/11/22-8R,3,일,2등급,1600,2,6,6,우에다,56.5,0:14.1,0:39.7,0:13.9,1:40.8,540(4),76
2025년07월06일(일),제6경주,부경,10,톱파이어,2024/10/18-8R,3,일,2등급,1400,20,3,3,우에다,55.0,0:13.7,0:38.0,0:13.3,1:24.9,536(-4),73
